2026/10/04 23:32:51.369, 1835, 4513, 67, 60.14, 1, 0x0000000000000000
2026/10/04 23:32:51.472, 1835, 4513, 67, 58.58, 1, 0x0000000000000000
2026/10/04 23:32:51.574, 1835, 4513, 66, 58.42, 1, 0x0000000000000000
2026/10/04 23:32:51.676, 1835, 4513, 66, 58.31, 1, 0x0000000000000000
2026/10/04 23:32:51.779, 1835, 4513, 67, 124.37, 10, 0x0000000000000000
2026/10/04 23:32:51.881, 1708, 4513, 71, 132.52, 10, 0x0000000000000004
2026/10/04 23:32:51.983, 1733, 4513, 72, 183.84, 97, 0x0000000000000004
2026/10/04 23:32:52.085, 1733, 4513, 72, 161.67, 97, 0x0000000000000000
2026/10/04 23:32:52.188, 1733, 4513, 73, 99.63, 96, 0x0000000000000000
2026/10/04 23:32:52.294, 1759, 4513, 73, 140.08, 97, 0x0000000000000000
2026/10/04 23:32:52.396, 1759, 4513, 73, 181.65, 97, 0x0000000000000000
2026/10/04 23:32:52.498, 1746, 4513, 74, 213.35, 93, 0x0000000000000004
2026/10/04 23:32:52.601, 1835, 4513, 74, 151.76, 97, 0x0000000000000000
2026/10/04 23:32:52.705, 1695, 4513, 75, 99.65, 97, 0x0000000000000000
2026/10/04 23:32:52.807, 1759, 4513, 74, 126.57, 97, 0x0000000000000000
2026/10/04 23:32:52.910, 1759, 4513, 73, 183.41, 97, 0x0000000000000004
2026/10/04 23:32:53.012, 1771, 4513, 73, 168.73, 97, 0x0000000000000000
2026/10/04 23:32:53.114, 1797, 4513, 75, 112.85, 93, 0x0000000000000000
2026/10/04 23:32:53.221, 1771, 4513, 75, 145.34, 93, 0x0000000000000000
2026/10/04 23:32:53.323, 1733, 4513, 75, 187.53, 97, 0x0000000000000004
2026/10/04 23:32:53.428, 1733, 4513, 74, 172.54, 97, 0x0000000000000000
2026/10/04 23:32:53.530, 1746, 4513, 75, 108.55, 97, 0x0000000000000000
2026/10/04 23:32:53.633, 1746, 4513, 75, 128.91, 96, 0x0000000000000000
2026/10/04 23:32:53.735, 1746, 4513, 74, 178.49, 96, 0x0000000000000000
2026/10/04 23:32:53.838, 1784, 4513, 74, 197.23, 94, 0x0000000000000004
2026/10/04 23:32:53.949, 1835, 4513, 74, 169.96, 97, 0x0000000000000000
2026/10/04 23:32:54.051, 1733, 4513, 75, 103.36, 97, 0x0000000000000000
2026/10/04 23:32:54.154, 1746, 4513, 75, 152.37, 97, 0x0000000000000000
2026/10/04 23:32:54.256, 1746, 4513, 74, 175.95, 97, 0x0000000000000000
2026/10/04 23:32:54.359, 1759, 4513, 74, 175.19, 93, 0x0000000000000000
2026/10/04 23:32:54.461, 1835, 4513, 75, 149.74, 97, 0x0000000000000000
2026/10/04 23:32:54.568, 1721, 4513, 75, 109.75, 97, 0x0000000000000000
2026/10/04 23:32:54.670, 1708, 4513, 75, 145.20, 97, 0x0000000000000004
2026/10/04 23:32:54.774, 1708, 4513, 75, 167.89, 97, 0x0000000000000000
2026/10/04 23:32:54.876, 1771, 4513, 74, 174.32, 97, 0x0000000000000000
2026/10/04 23:32:54.979, 1797, 4513, 75, 111.43, 93, 0x0000000000000000
2026/10/04 23:32:55.081, 1733, 4513, 76, 151.09, 93, 0x0000000000000000
2026/10/04 23:32:55.184, 1695, 4513, 76, 173.55, 97, 0x0000000000000004
2026/10/04 23:32:55.286, 1695, 4513, 75, 164.11, 97, 0x0000000000000004
2026/10/04 23:32:55.396, 1771, 4513, 75, 152.08, 97, 0x0000000000000000
2026/10/04 23:32:55.498, 1733, 4513, 75, 110.76, 97, 0x0000000000000000
2026/10/04 23:32:55.601, 1733, 4513, 75, 126.96, 97, 0x0000000000000000
2026/10/04 23:32:55.703, 1746, 4513, 76, 179.20, 93, 0x0000000000000004
2026/10/04 23:32:55.805, 1835, 4513, 75, 201.49, 96, 0x0000000000000000
2026/10/04 23:32:55.908, 1721, 4513, 76, 99.72, 96, 0x0000000000000000
2026/10/04 23:32:56.014, 1721, 4513, 76, 92.63, 96, 0x0000000000000000
2026/10/04 23:32:56.116, 1721, 4513, 73, 75.10, 96, 0x0000000000000000
