2026/10/04 23:33:19.599, 1835, 4513, 68, 59.34, 1, 0x0000000000000000
2026/10/04 23:33:19.702, 1835, 4513, 70, 127.08, 1, 0x0000000000000000
2026/10/04 23:33:19.804, 1835, 4513, 71, 127.34, 51, 0x0000000000000000
2026/10/04 23:33:19.906, 1835, 4513, 72, 127.39, 51, 0x0000000000000000
2026/10/04 23:33:20.012, 1835, 4513, 72, 125.66, 59, 0x0000000000000000
2026/10/04 23:33:20.114, 1835, 4513, 72, 126.48, 57, 0x0000000000000000
2026/10/04 23:33:20.217, 1835, 4513, 72, 124.46, 57, 0x0000000000000000
2026/10/04 23:33:20.319, 1835, 4513, 72, 124.59, 57, 0x0000000000000000
2026/10/04 23:33:20.421, 1835, 4513, 72, 124.82, 57, 0x0000000000000000
2026/10/04 23:33:20.523, 1835, 4513, 72, 127.40, 57, 0x0000000000000000
2026/10/04 23:33:20.626, 1835, 4513, 73, 122.85, 57, 0x0000000000000000
2026/10/04 23:33:20.728, 1835, 4513, 72, 125.19, 57, 0x0000000000000000
2026/10/04 23:33:20.833, 1835, 4513, 73, 126.96, 56, 0x0000000000000000
2026/10/04 23:33:20.936, 1835, 4513, 73, 121.58, 57, 0x0000000000000000
2026/10/04 23:33:21.038, 1835, 4513, 73, 124.65, 57, 0x0000000000000000
2026/10/04 23:33:21.140, 1835, 4513, 73, 120.35, 57, 0x0000000000000000
2026/10/04 23:33:21.242, 1835, 4513, 73, 124.33, 57, 0x0000000000000000
2026/10/04 23:33:21.345, 1835, 4513, 72, 122.29, 58, 0x0000000000000000
2026/10/04 23:33:21.447, 1835, 4513, 72, 126.70, 52, 0x0000000000000000
2026/10/04 23:33:21.549, 1835, 4513, 73, 124.36, 52, 0x0000000000000000
2026/10/04 23:33:21.655, 1835, 4513, 73, 126.10, 58, 0x0000000000000000
2026/10/04 23:33:21.757, 1835, 4513, 73, 121.16, 58, 0x0000000000000000
2026/10/04 23:33:21.859, 1835, 4513, 73, 124.25, 58, 0x0000000000000000
2026/10/04 23:33:21.962, 1835, 4513, 73, 115.40, 57, 0x0000000000000000
2026/10/04 23:33:22.064, 1835, 4513, 73, 125.50, 57, 0x0000000000000000
2026/10/04 23:33:22.166, 1835, 4513, 73, 125.56, 57, 0x0000000000000000
2026/10/04 23:33:22.269, 1835, 4513, 73, 126.06, 58, 0x0000000000000000
2026/10/04 23:33:22.371, 1835, 4513, 73, 120.75, 58, 0x0000000000000000
2026/10/04 23:33:22.476, 1835, 4513, 73, 124.61, 58, 0x0000000000000000
2026/10/04 23:33:22.579, 1835, 4513, 73, 124.41, 58, 0x0000000000000000
2026/10/04 23:33:22.682, 1835, 4513, 73, 127.29, 56, 0x0000000000000000
2026/10/04 23:33:22.784, 1835, 4513, 73, 117.32, 59, 0x0000000000000000
