2026/10/04 23:35:22.260, 1835, 4513, 63, 57.04, 1, 0x0000000000000000
2026/10/04 23:35:22.363, 1835, 4513, 63, 56.80, 1, 0x0000000000000000
2026/10/04 23:35:22.465, 1835, 4513, 62, 56.46, 1, 0x0000000000000000
2026/10/04 23:35:22.568, 1835, 4513, 62, 58.07, 0, 0x0000000000000000
2026/10/04 23:35:22.670, 1835, 4513, 64, 180.01, 0, 0x0000000000000000
2026/10/04 23:35:22.773, 1847, 4513, 68, 194.82, 56, 0x0000000000000004
2026/10/04 23:35:22.882, 1822, 4513, 70, 179.92, 95, 0x0000000000000000
2026/10/04 23:35:22.985, 1822, 4513, 71, 159.71, 95, 0x0000000000000000
2026/10/04 23:35:23.087, 1822, 4513, 71, 164.55, 95, 0x0000000000000000
2026/10/04 23:35:23.189, 1822, 4513, 72, 172.85, 95, 0x0000000000000004
2026/10/04 23:35:23.292, 1822, 4513, 72, 188.91, 96, 0x0000000000000000
2026/10/04 23:35:23.394, 1822, 4513, 73, 184.50, 95, 0x0000000000000000
