2026/10/04 23:35:37.176, 1797, 4513, 61, 54.33, 1, 0x0000000000000000
2026/10/04 23:35:37.280, 1797, 4513, 62, 81.72, 24, 0x0000000000000000
2026/10/04 23:35:37.382, 1797, 4513, 62, 82.16, 24, 0x0000000000000000
2026/10/04 23:35:37.485, 1797, 4513, 62, 81.81, 39, 0x0000000000000000
2026/10/04 23:35:37.587, 1797, 4513, 63, 82.66, 39, 0x0000000000000000
2026/10/04 23:35:37.690, 1797, 4513, 63, 81.74, 40, 0x0000000000000000
2026/10/04 23:35:37.792, 1797, 4513, 63, 80.89, 39, 0x0000000000000000
2026/10/04 23:35:37.898, 1797, 4513, 63, 81.50, 39, 0x0000000000000000
2026/10/04 23:35:38.001, 1847, 4513, 63, 86.67, 42, 0x0000000000000000
2026/10/04 23:35:38.103, 1847, 4513, 63, 89.04, 41, 0x0000000000000000
2026/10/04 23:35:38.206, 1847, 4513, 64, 86.71, 41, 0x0000000000000000
