2026/10/04 23:36:28.769, 1835, 4513, 68, 58.90, 1, 0x0000000000000000
2026/10/04 23:36:28.871, 1835, 4513, 67, 58.93, 1, 0x0000000000000000
2026/10/04 23:36:28.974, 1835, 4513, 67, 59.34, 0, 0x0000000000000000
2026/10/04 23:36:29.076, 1835, 4513, 67, 58.79, 2, 0x0000000000000000
2026/10/04 23:36:29.182, 1835, 4513, 67, 59.76, 2, 0x0000000000000000
2026/10/04 23:36:29.284, 1835, 4513, 67, 60.38, 1, 0x0000000000000000
2026/10/04 23:36:29.386, 1835, 4513, 68, 59.66, 14, 0x0000000000000000
2026/10/04 23:36:29.489, 1797, 4513, 69, 203.10, 14, 0x0000000000000004
2026/10/04 23:36:29.591, 1835, 4513, 70, 87.82, 56, 0x0000000000000000
2026/10/04 23:36:29.693, 1759, 4513, 71, 137.70, 56, 0x0000000000000004
2026/10/04 23:36:29.796, 1809, 4513, 70, 100.06, 56, 0x0000000000000000
2026/10/04 23:36:29.898, 1809, 4513, 71, 75.52, 56, 0x0000000000000004
2026/10/04 23:36:30.000, 1809, 4513, 70, 72.10, 56, 0x0000000000000000
2026/10/04 23:36:30.107, 1784, 4513, 71, 59.68, 49, 0x0000000000000000
2026/10/04 23:36:30.209, 1784, 4513, 70, 116.15, 49, 0x0000000000000000
2026/10/04 23:36:30.311, 1771, 4513, 71, 56.78, 45, 0x0000000000000000
2026/10/04 23:36:30.414, 1835, 4513, 70, 189.92, 44, 0x0000000000000000
2026/10/04 23:36:30.516, 1797, 4513, 71, 57.60, 44, 0x0000000000000000
2026/10/04 23:36:30.619, 1822, 4513, 71, 196.70, 55, 0x0000000000000004
2026/10/04 23:36:30.721, 1771, 4513, 70, 80.10, 55, 0x0000000000000000
2026/10/04 23:36:30.823, 1746, 4513, 72, 112.71, 46, 0x0000000000000000
2026/10/04 23:36:30.931, 1835, 4513, 70, 105.74, 48, 0x0000000000000000
2026/10/04 23:36:31.033, 1797, 4513, 72, 68.36, 48, 0x0000000000000000
2026/10/04 23:36:31.136, 1835, 4513, 71, 71.41, 54, 0x0000000000000000
2026/10/04 23:36:31.238, 1809, 4513, 72, 59.08, 56, 0x0000000000000000
2026/10/04 23:36:31.341, 1809, 4513, 70, 140.32, 56, 0x0000000000000000
2026/10/04 23:36:31.443, 1809, 4513, 72, 60.91, 57, 0x0000000000000000
2026/10/04 23:36:31.545, 1809, 4513, 71, 201.10, 57, 0x0000000000000004
2026/10/04 23:36:31.656, 1797, 4513, 71, 79.68, 52, 0x0000000000000000
2026/10/04 23:36:31.759, 1771, 4513, 72, 129.15, 45, 0x0000000000000004
2026/10/04 23:36:31.861, 1771, 4513, 70, 93.37, 45, 0x0000000000000000
2026/10/04 23:36:31.963, 1797, 4513, 72, 78.88, 44, 0x0000000000000000
2026/10/04 23:36:32.066, 1835, 4513, 70, 71.55, 53, 0x0000000000000000
2026/10/04 23:36:32.176, 1733, 4513, 72, 58.93, 53, 0x0000000000000000
2026/10/04 23:36:32.278, 1835, 4513, 70, 110.25, 47, 0x0000000000000000
2026/10/04 23:36:32.380, 1784, 4513, 71, 57.48, 47, 0x0000000000000000
2026/10/04 23:36:32.483, 1835, 4513, 71, 192.07, 45, 0x0000000000000000
2026/10/04 23:36:32.585, 1835, 4513, 72, 59.51, 55, 0x0000000000000000
2026/10/04 23:36:32.687, 1822, 4513, 72, 210.35, 55, 0x0000000000000004
2026/10/04 23:36:32.789, 1835, 4513, 71, 90.62, 55, 0x0000000000000000
2026/10/04 23:36:32.892, 1797, 4513, 73, 139.36, 55, 0x0000000000000004
2026/10/04 23:36:32.994, 1835, 4513, 71, 102.51, 58, 0x0000000000000000
2026/10/04 23:36:33.100, 1797, 4513, 73, 92.82, 49, 0x0000000000000000
2026/10/04 23:36:33.203, 1797, 4513, 71, 94.42, 49, 0x0000000000000000
2026/10/04 23:36:33.305, 1797, 4513, 73, 70.44, 44, 0x0000000000000000
2026/10/04 23:36:33.407, 1797, 4513, 71, 68.37, 49, 0x0000000000000000
2026/10/04 23:36:33.513, 1759, 4513, 73, 59.29, 49, 0x0000000000000000
2026/10/04 23:36:33.615, 1835, 4513, 71, 112.15, 51, 0x0000000000000000
2026/10/04 23:36:33.718, 1797, 4513, 72, 57.97, 51, 0x0000000000000000
2026/10/04 23:36:33.824, 1809, 4513, 71, 198.62, 45, 0x0000000000000004
2026/10/04 23:36:33.927, 1835, 4513, 71, 59.36, 50, 0x0000000000000000
2026/10/04 23:36:34.030, 1746, 4513, 72, 203.42, 50, 0x0000000000000004
2026/10/04 23:36:34.132, 1835, 4513, 71, 96.63, 57, 0x0000000000000000
2026/10/04 23:36:34.234, 1759, 4513, 72, 105.76, 57, 0x0000000000000004
2026/10/04 23:36:34.336, 1809, 4513, 71, 101.67, 56, 0x0000000000000000
2026/10/04 23:36:34.439, 1797, 4513, 73, 72.28, 56, 0x0000000000000000
2026/10/04 23:36:34.541, 1797, 4513, 71, 67.36, 56, 0x0000000000000000
2026/10/04 23:36:34.649, 1797, 4513, 72, 59.70, 44, 0x0000000000000000
2026/10/04 23:36:34.751, 1797, 4513, 71, 144.15, 44, 0x0000000000000000
2026/10/04 23:36:34.856, 1746, 4513, 72, 55.23, 44, 0x0000000000000000
2026/10/04 23:36:34.959, 1835, 4513, 71, 201.24, 51, 0x0000000000000000
2026/10/04 23:36:35.061, 1746, 4513, 71, 55.09, 51, 0x0000000000000000
2026/10/04 23:36:35.164, 1835, 4513, 71, 191.21, 44, 0x0000000000000000
2026/10/04 23:36:35.266, 1835, 4513, 71, 58.78, 50, 0x0000000000000000
2026/10/04 23:36:35.372, 1759, 4513, 72, 157.55, 50, 0x0000000000000004
2026/10/04 23:36:35.477, 1835, 4513, 72, 68.22, 65, 0x0000000000000000
