window,timestamp,sm_mhz,mem_mhz,temp_c,power_w,util_pct,clock_event_reasons
20261005T012110Z/mistral-7b-instruct-v0.1-q4_k_m-prefill-rep1,2026/10/04 20:21:37.485,1860 MHz,4513 MHz,52,56.80 W,2 %,0x0000000000000000
20261005T012110Z/mistral-7b-instruct-v0.1-q4_k_m-prefill-rep1,2026/10/04 20:21:37.600,1860 MHz,4513 MHz,53,143.58 W,2 %,0x0000000000000000
20261005T012110Z/mistral-7b-instruct-v0.1-q4_k_m-prefill-rep1,2026/10/04 20:21:37.703,1860 MHz,4513 MHz,56,182.76 W,69 %,0x0000000000000000
20261005T012110Z/mistral-7b-instruct-v0.1-q4_k_m-prefill-rep1,2026/10/04 20:21:37.809,1860 MHz,4513 MHz,58,161.09 W,69 %,0x0000000000000000
20261005T012110Z/mistral-7b-instruct-v0.1-q4_k_m-prefill-rep1,2026/10/04 20:21:37.911,1860 MHz,4513 MHz,59,150.15 W,95 %,0x0000000000000000
20261005T012110Z/mistral-7b-instruct-v0.1-q4_k_m-prefill-rep1,2026/10/04 20:21:38.013,1835 MHz,4513 MHz,60,147.17 W,96 %,0x0000000000000000
20261005T012110Z/mistral-7b-instruct-v0.1-q4_k_m-prefill-rep1,2026/10/04 20:21:38.116,1835 MHz,4513 MHz,60,169.61 W,96 %,0x0000000000000000
20261005T012110Z/mistral-7b-instruct-v0.1-q4_k_m-prefill-rep1,2026/10/04 20:21:38.218,1860 MHz,4513 MHz,60,171.25 W,95 %,0x0000000000000000
20261005T012110Z/mistral-7b-instruct-v0.1-q4_k_m-prefill-rep1,2026/10/04 20:21:38.320,1847 MHz,4513 MHz,61,153.13 W,96 %,0x0000000000000004
20261005T012110Z/mistral-7b-instruct-v0.1-q4_k_m-prefill-rep1,2026/10/04 20:21:38.422,1847 MHz,4513 MHz,61,143.64 W,96 %,0x0000000000000000
20261005T012110Z/mistral-7b-instruct-v0.1-q4_k_m-prefill-rep1,2026/10/04 20:21:38.525,1860 MHz,4513 MHz,61,170.05 W,97 %,0x0000000000000000
20261005T012110Z/mistral-7b-instruct-v0.1-q4_k_m-prefill-rep1,2026/10/04 20:21:38.627,1860 MHz,4513 MHz,61,190.38 W,97 %,0x0000000000000000
20261005T012110Z/mistral-7b-instruct-v0.1-q4_k_m-prefill-rep1,2026/10/04 20:21:38.729,1860 MHz,4513 MHz,61,160.06 W,96 %,0x0000000000000000
20261005T012110Z/mistral-7b-instruct-v0.1-q4_k_m-prefill-rep1,2026/10/04 20:21:38.835,1847 MHz,4513 MHz,61,145.68 W,96 %,0x0000000000000000
20261005T012110Z/mistral-7b-instruct-v0.1-q4_k_m-prefill-rep1,2026/10/04 20:21:38.937,1847 MHz,4513 MHz,61,150.35 W,96 %,0x0000000000000000
20261005T012110Z/mistral-7b-instruct-v0.1-q4_k_m-prefill-rep2,2026/10/04 20:22:00.274,1860 MHz,4513 MHz,55,107.73 W,1 %,0x0000000000000000
20261005T012110Z/mistral-7b-instruct-v0.1-q4_k_m-prefill-rep2,2026/10/04 20:22:00.376,1860 MHz,4513 MHz,58,148.38 W,37 %,0x0000000000000000
20261005T012110Z/mistral-7b-instruct-v0.1-q4_k_m-prefill-rep2,2026/10/04 20:22:00.479,1860 MHz,4513 MHz,60,154.23 W,37 %,0x0000000000000000
20261005T012110Z/mistral-7b-instruct-v0.1-q4_k_m-prefill-rep2,2026/10/04 20:22:00.579,1847 MHz,4513 MHz,61,183.23 W,95 %,0x0000000000000000
20261005T012110Z/mistral-7b-instruct-v0.1-q4_k_m-prefill-rep2,2026/10/04 20:22:00.682,1835 MHz,4513 MHz,62,157.46 W,97 %,0x0000000000000004
20261005T012110Z/mistral-7b-instruct-v0.1-q4_k_m-prefill-rep2,2026/10/04 20:22:00.784,1835 MHz,4513 MHz,62,143.45 W,97 %,0x0000000000000000
20261005T012110Z/mistral-7b-instruct-v0.1-q4_k_m-prefill-rep2,2026/10/04 20:22:00.886,1822 MHz,4513 MHz,63,159.03 W,96 %,0x0000000000000000
20261005T012110Z/mistral-7b-instruct-v0.1-q4_k_m-prefill-rep2,2026/10/04 20:22:00.989,1822 MHz,4513 MHz,63,177.88 W,96 %,0x0000000000000000
20261005T012110Z/mistral-7b-instruct-v0.1-q4_k_m-prefill-rep2,2026/10/04 20:22:01.091,1822 MHz,4513 MHz,63,153.29 W,96 %,0x0000000000000000
20261005T012110Z/mistral-7b-instruct-v0.1-q4_k_m-prefill-rep2,2026/10/04 20:22:01.194,1860 MHz,4513 MHz,63,145.35 W,97 %,0x0000000000000000
20261005T012110Z/mistral-7b-instruct-v0.1-q4_k_m-prefill-rep2,2026/10/04 20:22:01.299,1860 MHz,4513 MHz,63,167.46 W,97 %,0x0000000000000000
20261005T012110Z/mistral-7b-instruct-v0.1-q4_k_m-prefill-rep2,2026/10/04 20:22:01.401,1860 MHz,4513 MHz,64,196.63 W,96 %,0x0000000000000004
20261005T012110Z/mistral-7b-instruct-v0.1-q4_k_m-prefill-rep2,2026/10/04 20:22:01.503,1860 MHz,4513 MHz,64,155.98 W,95 %,0x0000000000000000
20261005T012110Z/mistral-7b-instruct-v0.1-q4_k_m-prefill-rep2,2026/10/04 20:22:01.606,1860 MHz,4513 MHz,64,151.04 W,95 %,0x0000000000000000
20261005T012110Z/mistral-7b-instruct-v0.1-q4_k_m-prefill-rep2,2026/10/04 20:22:01.708,1822 MHz,4513 MHz,64,154.75 W,97 %,0x0000000000000000
20261005T012110Z/mistral-7b-instruct-v0.1-q4_k_m-prefill-rep3,2026/10/04 20:22:22.953,1860 MHz,4513 MHz,58,56.99 W,0 %,0x0000000000000000
20261005T012110Z/mistral-7b-instruct-v0.1-q4_k_m-prefill-rep3,2026/10/04 20:22:23.055,1860 MHz,4513 MHz,60,168.03 W,0 %,0x0000000000000000
20261005T012110Z/mistral-7b-instruct-v0.1-q4_k_m-prefill-rep3,2026/10/04 20:22:23.163,1822 MHz,4513 MHz,63,141.54 W,79 %,0x0000000000000000
20261005T012110Z/mistral-7b-instruct-v0.1-q4_k_m-prefill-rep3,2026/10/04 20:22:23.265,1822 MHz,4513 MHz,64,143.12 W,96 %,0x0000000000000000
20261005T012110Z/mistral-7b-instruct-v0.1-q4_k_m-prefill-rep3,2026/10/04 20:22:23.370,1860 MHz,4513 MHz,65,191.72 W,96 %,0x0000000000000000
20261005T012110Z/mistral-7b-instruct-v0.1-q4_k_m-prefill-rep3,2026/10/04 20:22:23.473,1809 MHz,4513 MHz,65,146.82 W,96 %,0x0000000000000000
20261005T012110Z/mistral-7b-instruct-v0.1-q4_k_m-prefill-rep3,2026/10/04 20:22:23.575,1809 MHz,4513 MHz,65,137.41 W,96 %,0x0000000000000000
20261005T012110Z/mistral-7b-instruct-v0.1-q4_k_m-prefill-rep3,2026/10/04 20:22:23.677,1860 MHz,4513 MHz,65,176.23 W,97 %,0x0000000000000000
20261005T012110Z/mistral-7b-instruct-v0.1-q4_k_m-prefill-rep3,2026/10/04 20:22:23.784,1860 MHz,4513 MHz,66,180.45 W,95 %,0x0000000000000004
20261005T012110Z/mistral-7b-instruct-v0.1-q4_k_m-prefill-rep3,2026/10/04 20:22:23.887,1860 MHz,4513 MHz,66,162.20 W,95 %,0x0000000000000004
20261005T012110Z/mistral-7b-instruct-v0.1-q4_k_m-prefill-rep3,2026/10/04 20:22:23.989,1835 MHz,4513 MHz,66,143.99 W,96 %,0x0000000000000000
20261005T012110Z/mistral-7b-instruct-v0.1-q4_k_m-prefill-rep3,2026/10/04 20:22:24.091,1835 MHz,4513 MHz,66,169.09 W,96 %,0x0000000000000000
20261005T012110Z/mistral-7b-instruct-v0.1-q4_k_m-prefill-rep3,2026/10/04 20:22:24.194,1835 MHz,4513 MHz,66,169.83 W,96 %,0x0000000000000000
20261005T012110Z/mistral-7b-instruct-v0.1-q4_k_m-prefill-rep3,2026/10/04 20:22:24.296,1860 MHz,4513 MHz,67,162.13 W,96 %,0x0000000000000004
20261005T012110Z/mistral-7b-instruct-v0.1-q4_k_m-prefill-rep3,2026/10/04 20:22:24.399,1860 MHz,4513 MHz,67,150.35 W,96 %,0x0000000000000000
20261005T012348Z/mistral-7b-instruct-v0.1-q4_k_m-prefill-rep1,2026/10/04 20:25:23.478,1771 MHz,4513 MHz,79,59.32 W,0 %,0x0000000000000000
20261005T012348Z/mistral-7b-instruct-v0.1-q4_k_m-prefill-rep1,2026/10/04 20:25:23.581,1771 MHz,4513 MHz,80,143.96 W,39 %,0x0000000000000000
20261005T012348Z/mistral-7b-instruct-v0.1-q4_k_m-prefill-rep1,2026/10/04 20:25:23.688,1771 MHz,4513 MHz,82,145.02 W,39 %,0x0000000000000000
20261005T012348Z/mistral-7b-instruct-v0.1-q4_k_m-prefill-rep1,2026/10/04 20:25:23.790,1809 MHz,4513 MHz,82,129.03 W,100 %,0x0000000000000000
20261005T012348Z/mistral-7b-instruct-v0.1-q4_k_m-prefill-rep1,2026/10/04 20:25:23.892,1809 MHz,4513 MHz,82,126.32 W,100 %,0x0000000000000000
20261005T012348Z/mistral-7b-instruct-v0.1-q4_k_m-prefill-rep1,2026/10/04 20:25:23.994,1809 MHz,4513 MHz,82,127.91 W,100 %,0x0000000000000000
20261005T012348Z/mistral-7b-instruct-v0.1-q4_k_m-prefill-rep1,2026/10/04 20:25:24.097,1607 MHz,4513 MHz,84,169.77 W,100 %,0x0000000000000020
20261005T012348Z/mistral-7b-instruct-v0.1-q4_k_m-prefill-rep1,2026/10/04 20:25:24.199,1607 MHz,4513 MHz,84,109.32 W,100 %,0x0000000000000000
20261005T012348Z/mistral-7b-instruct-v0.1-q4_k_m-prefill-rep1,2026/10/04 20:25:24.301,1607 MHz,4513 MHz,83,112.21 W,97 %,0x0000000000000020
20261005T012348Z/mistral-7b-instruct-v0.1-q4_k_m-prefill-rep1,2026/10/04 20:25:24.404,1607 MHz,4513 MHz,82,102.34 W,100 %,0x0000000000000020
20261005T012348Z/mistral-7b-instruct-v0.1-q4_k_m-prefill-rep1,2026/10/04 20:25:24.513,1607 MHz,4513 MHz,81,99.89 W,100 %,0x0000000000000020
20261005T012348Z/mistral-7b-instruct-v0.1-q4_k_m-prefill-rep1,2026/10/04 20:25:24.616,1607 MHz,4513 MHz,81,99.48 W,100 %,0x0000000000000020
20261005T012348Z/mistral-7b-instruct-v0.1-q4_k_m-prefill-rep1,2026/10/04 20:25:24.718,1607 MHz,4513 MHz,81,135.67 W,100 %,0x0000000000000020
20261005T012348Z/mistral-7b-instruct-v0.1-q4_k_m-prefill-rep1,2026/10/04 20:25:24.820,1607 MHz,4513 MHz,83,107.93 W,100 %,0x0000000000000020
20261005T012348Z/mistral-7b-instruct-v0.1-q4_k_m-prefill-rep1,2026/10/04 20:25:24.922,1607 MHz,4513 MHz,82,112.32 W,97 %,0x0000000000000020
20261005T012348Z/mistral-7b-instruct-v0.1-q4_k_m-prefill-rep1,2026/10/04 20:25:25.024,1607 MHz,4513 MHz,82,110.71 W,97 %,0x0000000000000020
20261005T012348Z/mistral-7b-instruct-v0.1-q4_k_m-prefill-rep1,2026/10/04 20:25:25.134,1607 MHz,4513 MHz,81,100.49 W,100 %,0x0000000000000000
20261005T012348Z/mistral-7b-instruct-v0.1-q4_k_m-prefill-rep1,2026/10/04 20:25:25.237,1657 MHz,4513 MHz,81,99.19 W,100 %,0x0000000000000020
20261005T012348Z/mistral-7b-instruct-v0.1-q4_k_m-prefill-rep1,2026/10/04 20:25:25.341,1657 MHz,4513 MHz,81,103.10 W,100 %,0x0000000000000000
20261005T012348Z/mistral-7b-instruct-v0.1-q4_k_m-prefill-rep1,2026/10/04 20:25:25.444,1607 MHz,4513 MHz,82,130.91 W,100 %,0x0000000000000020
20261005T012348Z/mistral-7b-instruct-v0.1-q4_k_m-prefill-rep1,2026/10/04 20:25:25.546,1607 MHz,4513 MHz,83,111.19 W,100 %,0x0000000000000000
20261005T012348Z/mistral-7b-instruct-v0.1-q4_k_m-prefill-rep1,2026/10/04 20:25:25.656,1620 MHz,4513 MHz,82,115.72 W,97 %,0x0000000000000000
20261005T012348Z/mistral-7b-instruct-v0.1-q4_k_m-prefill-rep1,2026/10/04 20:25:25.758,1708 MHz,4513 MHz,82,110.11 W,100 %,0x0000000000000000
20261005T012348Z/mistral-7b-instruct-v0.1-q4_k_m-prefill-rep1,2026/10/04 20:25:25.860,1708 MHz,4513 MHz,82,111.17 W,100 %,0x0000000000000000
20261005T012348Z/mistral-7b-instruct-v0.1-q4_k_m-prefill-rep1,2026/10/04 20:25:25.963,1759 MHz,4513 MHz,81,117.52 W,100 %,0x0000000000000000
20261005T012348Z/mistral-7b-instruct-v0.1-q4_k_m-prefill-rep1,2026/10/04 20:25:26.065,1607 MHz,4513 MHz,83,145.57 W,100 %,0x0000000000000020
20261005T012348Z/mistral-7b-instruct-v0.1-q4_k_m-prefill-rep1,2026/10/04 20:25:26.167,1607 MHz,4513 MHz,83,108.53 W,100 %,0x0000000000000000
20261005T012348Z/mistral-7b-instruct-v0.1-q4_k_m-prefill-rep1,2026/10/04 20:25:26.270,1746 MHz,4513 MHz,82,134.95 W,97 %,0x0000000000000000
20261005T012348Z/mistral-7b-instruct-v0.1-q4_k_m-prefill-rep1,2026/10/04 20:25:26.372,1746 MHz,4513 MHz,83,120.50 W,97 %,0x0000000000000000
20261005T012348Z/mistral-7b-instruct-v0.1-q4_k_m-prefill-rep1,2026/10/04 20:25:26.478,1809 MHz,4513 MHz,82,128.60 W,100 %,0x0000000000000000
20261005T012348Z/mistral-7b-instruct-v0.1-q4_k_m-prefill-rep1,2026/10/04 20:25:26.580,1809 MHz,4513 MHz,83,126.99 W,100 %,0x0000000000000000
20261005T012348Z/mistral-7b-instruct-v0.1-q4_k_m-prefill-rep1,2026/10/04 20:25:26.683,1607 MHz,4513 MHz,83,204.36 W,100 %,0x0000000000000020
20261005T012348Z/mistral-7b-instruct-v0.1-q4_k_m-prefill-rep1,2026/10/04 20:25:26.789,1759 MHz,4513 MHz,85,136.76 W,97 %,0x0000000000000000
20261005T012348Z/mistral-7b-instruct-v0.1-q4_k_m-prefill-rep1,2026/10/04 20:25:26.891,1759 MHz,4513 MHz,84,142.96 W,97 %,0x0000000000000000
20261005T012348Z/mistral-7b-instruct-v0.1-q4_k_m-prefill-rep1,2026/10/04 20:25:26.993,1657 MHz,4513 MHz,83,110.59 W,100 %,0x0000000000000000
20261005T012348Z/mistral-7b-instruct-v0.1-q4_k_m-prefill-rep1,2026/10/04 20:25:27.102,1784 MHz,4513 MHz,82,120.02 W,100 %,0x0000000000000000
20261005T012348Z/mistral-7b-instruct-v0.1-q4_k_m-prefill-rep1,2026/10/04 20:25:27.204,1784 MHz,4513 MHz,83,121.41 W,100 %,0x0000000000000000
20261005T012348Z/mistral-7b-instruct-v0.1-q4_k_m-prefill-rep1,2026/10/04 20:25:27.307,1607 MHz,4513 MHz,83,186.30 W,100 %,0x0000000000000020
20261005T012348Z/mistral-7b-instruct-v0.1-q4_k_m-prefill-rep1,2026/10/04 20:25:27.409,1607 MHz,4513 MHz,84,107.26 W,100 %,0x0000000000000000
20261005T012348Z/mistral-7b-instruct-v0.1-q4_k_m-prefill-rep1,2026/10/04 20:25:27.510,1759 MHz,4513 MHz,84,143.72 W,97 %,0x0000000000000000
20261005T012348Z/mistral-7b-instruct-v0.1-q4_k_m-prefill-rep1,2026/10/04 20:25:27.612,1657 MHz,4513 MHz,83,118.24 W,100 %,0x0000000000000000
20261005T012348Z/mistral-7b-instruct-v0.1-q4_k_m-prefill-rep1,2026/10/04 20:25:27.715,1657 MHz,4513 MHz,83,104.36 W,100 %,0x0000000000000000
20261005T012348Z/mistral-7b-instruct-v0.1-q4_k_m-prefill-rep1,2026/10/04 20:25:27.817,1607 MHz,4513 MHz,82,98.76 W,100 %,0x0000000000000020
20261005T012348Z/mistral-7b-instruct-v0.1-q4_k_m-prefill-rep1,2026/10/04 20:25:27.919,1607 MHz,4513 MHz,81,98.62 W,100 %,0x0000000000000000
20261005T012348Z/mistral-7b-instruct-v0.1-q4_k_m-prefill-rep1,2026/10/04 20:25:28.028,1607 MHz,4513 MHz,84,127.40 W,100 %,0x0000000000000020
20261005T012348Z/mistral-7b-instruct-v0.1-q4_k_m-prefill-rep1,2026/10/04 20:25:28.131,1607 MHz,4513 MHz,83,112.13 W,97 %,0x0000000000000020
20261005T012348Z/mistral-7b-instruct-v0.1-q4_k_m-prefill-rep1,2026/10/04 20:25:28.234,1607 MHz,4513 MHz,82,112.31 W,97 %,0x0000000000000020
20261005T012348Z/mistral-7b-instruct-v0.1-q4_k_m-prefill-rep1,2026/10/04 20:25:28.336,1607 MHz,4513 MHz,82,101.17 W,100 %,0x0000000000000000
20261005T012348Z/mistral-7b-instruct-v0.1-q4_k_m-prefill-rep1,2026/10/04 20:25:28.438,1683 MHz,4513 MHz,82,99.14 W,100 %,0x0000000000000020
20261005T012348Z/mistral-7b-instruct-v0.1-q4_k_m-prefill-rep1,2026/10/04 20:25:28.539,1683 MHz,4513 MHz,82,104.90 W,100 %,0x0000000000000000
20261005T012348Z/mistral-7b-instruct-v0.1-q4_k_m-prefill-rep1,2026/10/04 20:25:28.641,1607 MHz,4513 MHz,83,146.84 W,100 %,0x0000000000000020
20261005T012348Z/mistral-7b-instruct-v0.1-q4_k_m-prefill-rep1,2026/10/04 20:25:28.757,1607 MHz,4513 MHz,83,109.51 W,97 %,0x0000000000000020
20261005T012348Z/mistral-7b-instruct-v0.1-q4_k_m-prefill-rep1,2026/10/04 20:25:28.859,1607 MHz,4513 MHz,82,113.03 W,97 %,0x0000000000000020
20261005T012348Z/mistral-7b-instruct-v0.1-q4_k_m-prefill-rep1,2026/10/04 20:25:28.961,1607 MHz,4513 MHz,82,103.39 W,100 %,0x0000000000000000
20261005T012348Z/mistral-7b-instruct-v0.1-q4_k_m-prefill-rep1,2026/10/04 20:25:29.064,1607 MHz,4513 MHz,82,98.21 W,100 %,0x0000000000000000
20261005T012348Z/mistral-7b-instruct-v0.1-q4_k_m-prefill-rep1,2026/10/04 20:25:29.171,1695 MHz,4513 MHz,82,107.68 W,100 %,0x0000000000000000
20261005T012348Z/mistral-7b-instruct-v0.1-q4_k_m-prefill-rep1,2026/10/04 20:25:29.273,1607 MHz,4513 MHz,82,154.77 W,100 %,0x0000000000000020
20261005T012348Z/mistral-7b-instruct-v0.1-q4_k_m-prefill-rep1,2026/10/04 20:25:29.381,1607 MHz,4513 MHz,84,107.80 W,100 %,0x0000000000000020
20261005T012348Z/mistral-7b-instruct-v0.1-q4_k_m-prefill-rep1,2026/10/04 20:25:29.483,1607 MHz,4513 MHz,83,112.93 W,97 %,0x0000000000000020
20261005T012348Z/mistral-7b-instruct-v0.1-q4_k_m-prefill-rep1,2026/10/04 20:25:29.595,1607 MHz,4513 MHz,82,102.81 W,100 %,0x0000000000000020
20261005T012348Z/mistral-7b-instruct-v0.1-q4_k_m-prefill-rep1,2026/10/04 20:25:29.697,1607 MHz,4513 MHz,82,99.95 W,100 %,0x0000000000000020
20261005T012348Z/mistral-7b-instruct-v0.1-q4_k_m-prefill-rep1,2026/10/04 20:25:29.799,1620 MHz,4513 MHz,81,100.88 W,100 %,0x0000000000000000
20261005T012348Z/mistral-7b-instruct-v0.1-q4_k_m-prefill-rep1,2026/10/04 20:25:29.902,1607 MHz,4513 MHz,81,138.94 W,100 %,0x0000000000000020
20261005T012348Z/mistral-7b-instruct-v0.1-q4_k_m-prefill-rep1,2026/10/04 20:25:30.004,1607 MHz,4513 MHz,84,108.46 W,100 %,0x0000000000000000
20261005T012348Z/mistral-7b-instruct-v0.1-q4_k_m-prefill-rep1,2026/10/04 20:25:30.106,1733 MHz,4513 MHz,83,118.57 W,97 %,0x0000000000000020
20261005T012348Z/mistral-7b-instruct-v0.1-q4_k_m-prefill-rep1,2026/10/04 20:25:30.208,1695 MHz,4513 MHz,83,124.35 W,97 %,0x0000000000000020
20261005T012348Z/mistral-7b-instruct-v0.1-q4_k_m-prefill-rep1,2026/10/04 20:25:30.318,1733 MHz,4513 MHz,82,114.06 W,100 %,0x0000000000000000
20261005T012348Z/mistral-7b-instruct-v0.1-q4_k_m-prefill-rep1,2026/10/04 20:25:30.420,1733 MHz,4513 MHz,82,114.11 W,100 %,0x0000000000000000
20261005T012348Z/mistral-7b-instruct-v0.1-q4_k_m-prefill-rep1,2026/10/04 20:25:30.523,1797 MHz,4513 MHz,82,122.04 W,100 %,0x0000000000000000
20261005T012348Z/mistral-7b-instruct-v0.1-q4_k_m-prefill-rep1,2026/10/04 20:25:30.625,1645 MHz,4513 MHz,84,110.71 W,100 %,0x0000000000000000
20261005T012348Z/mistral-7b-instruct-v0.1-q4_k_m-prefill-rep1,2026/10/04 20:25:30.727,1645 MHz,4513 MHz,84,119.22 W,100 %,0x0000000000000000
20261005T012348Z/mistral-7b-instruct-v0.1-q4_k_m-prefill-rep1,2026/10/04 20:25:30.829,1607 MHz,4513 MHz,84,120.51 W,97 %,0x0000000000000020
20261005T012348Z/mistral-7b-instruct-v0.1-q4_k_m-prefill-rep1,2026/10/04 20:25:30.932,1607 MHz,4513 MHz,83,103.58 W,97 %,0x0000000000000000
20261005T012348Z/mistral-7b-instruct-v0.1-q4_k_m-prefill-rep1,2026/10/04 20:25:31.034,1695 MHz,4513 MHz,82,108.90 W,100 %,0x0000000000000000
20261005T012348Z/mistral-7b-instruct-v0.1-q4_k_m-prefill-rep1,2026/10/04 20:25:31.142,1759 MHz,4513 MHz,82,114.16 W,100 %,0x0000000000000000
20261005T012348Z/mistral-7b-instruct-v0.1-q4_k_m-prefill-rep1,2026/10/04 20:25:31.245,1607 MHz,4513 MHz,83,142.49 W,100 %,0x0000000000000020
20261005T012348Z/mistral-7b-instruct-v0.1-q4_k_m-prefill-rep1,2026/10/04 20:25:31.351,1607 MHz,4513 MHz,84,107.97 W,97 %,0x0000000000000020
20261005T012348Z/mistral-7b-instruct-v0.1-q4_k_m-prefill-rep1,2026/10/04 20:25:31.453,1607 MHz,4513 MHz,83,112.07 W,100 %,0x0000000000000020
20261005T012348Z/mistral-7b-instruct-v0.1-q4_k_m-prefill-rep1,2026/10/04 20:25:31.555,1607 MHz,4513 MHz,82,106.67 W,100 %,0x0000000000000020
20261005T012348Z/mistral-7b-instruct-v0.1-q4_k_m-prefill-rep1,2026/10/04 20:25:31.657,1657 MHz,4513 MHz,82,104.17 W,100 %,0x0000000000000000
20261005T012348Z/mistral-7b-instruct-v0.1-q4_k_m-prefill-rep1,2026/10/04 20:25:31.765,1657 MHz,4513 MHz,82,102.52 W,100 %,0x0000000000000000
20261005T012348Z/mistral-7b-instruct-v0.1-q4_k_m-prefill-rep1,2026/10/04 20:25:31.868,1607 MHz,4513 MHz,82,160.52 W,100 %,0x0000000000000020
20261005T012348Z/mistral-7b-instruct-v0.1-q4_k_m-prefill-rep1,2026/10/04 20:25:31.972,1607 MHz,4513 MHz,84,105.53 W,97 %,0x0000000000000020
20261005T012348Z/mistral-7b-instruct-v0.1-q4_k_m-prefill-rep1,2026/10/04 20:25:32.074,1607 MHz,4513 MHz,83,112.03 W,97 %,0x0000000000000020
20261005T012348Z/mistral-7b-instruct-v0.1-q4_k_m-prefill-rep1,2026/10/04 20:25:32.176,1607 MHz,4513 MHz,83,108.33 W,100 %,0x0000000000000020
20261005T012348Z/mistral-7b-instruct-v0.1-q4_k_m-prefill-rep1,2026/10/04 20:25:32.278,1607 MHz,4513 MHz,82,101.22 W,100 %,0x0000000000000020
20261005T012348Z/mistral-7b-instruct-v0.1-q4_k_m-prefill-rep1,2026/10/04 20:25:32.388,1607 MHz,4513 MHz,82,99.10 W,100 %,0x0000000000000020
20261005T012348Z/mistral-7b-instruct-v0.1-q4_k_m-prefill-rep1,2026/10/04 20:25:32.491,1607 MHz,4513 MHz,82,98.31 W,100 %,0x0000000000000020
20261005T012348Z/mistral-7b-instruct-v0.1-q4_k_m-prefill-rep1,2026/10/04 20:25:32.593,1607 MHz,4513 MHz,83,140.94 W,100 %,0x0000000000000020
20261005T012348Z/mistral-7b-instruct-v0.1-q4_k_m-prefill-rep1,2026/10/04 20:25:32.697,1607 MHz,4513 MHz,83,108.98 W,97 %,0x0000000000000020
20261005T012348Z/mistral-7b-instruct-v0.1-q4_k_m-prefill-rep1,2026/10/04 20:25:32.799,1607 MHz,4513 MHz,83,113.94 W,100 %,0x0000000000000020
20261005T012348Z/mistral-7b-instruct-v0.1-q4_k_m-prefill-rep1,2026/10/04 20:25:32.910,1607 MHz,4513 MHz,82,100.98 W,100 %,0x0000000000000000
20261005T012348Z/mistral-7b-instruct-v0.1-q4_k_m-prefill-rep1,2026/10/04 20:25:33.012,1657 MHz,4513 MHz,82,104.01 W,100 %,0x0000000000000000
20261005T012348Z/mistral-7b-instruct-v0.1-q4_k_m-prefill-rep1,2026/10/04 20:25:33.114,1657 MHz,4513 MHz,82,102.82 W,100 %,0x0000000000000000
20261005T012348Z/mistral-7b-instruct-v0.1-q4_k_m-prefill-rep1,2026/10/04 20:25:33.217,1607 MHz,4513 MHz,83,155.01 W,100 %,0x0000000000000020
20261005T012348Z/mistral-7b-instruct-v0.1-q4_k_m-prefill-rep1,2026/10/04 20:25:33.319,1645 MHz,4513 MHz,84,113.68 W,97 %,0x0000000000000000
20261005T012348Z/mistral-7b-instruct-v0.1-q4_k_m-prefill-rep1,2026/10/04 20:25:33.421,1645 MHz,4513 MHz,83,121.86 W,97 %,0x0000000000000000
20261005T012348Z/mistral-7b-instruct-v0.1-q4_k_m-prefill-rep1,2026/10/04 20:25:33.524,1607 MHz,4513 MHz,83,106.49 W,100 %,0x0000000000000000
20261005T012348Z/mistral-7b-instruct-v0.1-q4_k_m-prefill-rep1,2026/10/04 20:25:33.633,1708 MHz,4513 MHz,82,104.46 W,100 %,0x0000000000000000
20261005T012348Z/mistral-7b-instruct-v0.1-q4_k_m-prefill-rep1,2026/10/04 20:25:33.735,1708 MHz,4513 MHz,82,108.09 W,100 %,0x0000000000000000
20261005T012348Z/mistral-7b-instruct-v0.1-q4_k_m-prefill-rep1,2026/10/04 20:25:33.837,1607 MHz,4513 MHz,83,178.81 W,100 %,0x0000000000000020
20261005T012348Z/mistral-7b-instruct-v0.1-q4_k_m-prefill-rep1,2026/10/04 20:25:33.940,1607 MHz,4513 MHz,85,105.96 W,100 %,0x0000000000000000
20261005T012348Z/mistral-7b-instruct-v0.1-q4_k_m-prefill-rep1,2026/10/04 20:25:34.042,1771 MHz,4513 MHz,84,147.87 W,97 %,0x0000000000000000
20261005T012348Z/mistral-7b-instruct-v0.1-q4_k_m-prefill-rep1,2026/10/04 20:25:34.144,1695 MHz,4513 MHz,84,116.90 W,100 %,0x0000000000000000
20261005T012348Z/mistral-7b-instruct-v0.1-q4_k_m-prefill-rep1,2026/10/04 20:25:34.246,1695 MHz,4513 MHz,83,111.46 W,100 %,0x0000000000000000
20261005T012348Z/mistral-7b-instruct-v0.1-q4_k_m-prefill-rep1,2026/10/04 20:25:34.349,1607 MHz,4513 MHz,82,99.77 W,100 %,0x0000000000000020
20261005T012348Z/mistral-7b-instruct-v0.1-q4_k_m-prefill-rep1,2026/10/04 20:25:34.451,1607 MHz,4513 MHz,82,101.63 W,100 %,0x0000000000000000
20261005T012348Z/mistral-7b-instruct-v0.1-q4_k_m-prefill-rep1,2026/10/04 20:25:34.560,1607 MHz,4513 MHz,84,128.46 W,100 %,0x0000000000000020
20261005T012348Z/mistral-7b-instruct-v0.1-q4_k_m-prefill-rep1,2026/10/04 20:25:34.664,1607 MHz,4513 MHz,83,113.52 W,97 %,0x0000000000000020
20261005T012348Z/mistral-7b-instruct-v0.1-q4_k_m-prefill-rep1,2026/10/04 20:25:34.766,1607 MHz,4513 MHz,83,110.23 W,97 %,0x0000000000000020
20261005T012348Z/mistral-7b-instruct-v0.1-q4_k_m-prefill-rep1,2026/10/04 20:25:34.868,1607 MHz,4513 MHz,82,103.24 W,100 %,0x0000000000000000
20261005T012348Z/mistral-7b-instruct-v0.1-q4_k_m-prefill-rep1,2026/10/04 20:25:34.973,1657 MHz,4513 MHz,82,101.76 W,100 %,0x0000000000000000
20261005T012348Z/mistral-7b-instruct-v0.1-q4_k_m-prefill-rep1,2026/10/04 20:25:35.082,1657 MHz,4513 MHz,82,103.27 W,100 %,0x0000000000000000
20261005T012348Z/mistral-7b-instruct-v0.1-q4_k_m-prefill-rep1,2026/10/04 20:25:35.184,1607 MHz,4513 MHz,84,144.90 W,100 %,0x0000000000000020
20261005T012348Z/mistral-7b-instruct-v0.1-q4_k_m-prefill-rep1,2026/10/04 20:25:35.290,1607 MHz,4513 MHz,84,110.18 W,100 %,0x0000000000000020
20261005T012348Z/mistral-7b-instruct-v0.1-q4_k_m-prefill-rep1,2026/10/04 20:25:35.392,1607 MHz,4513 MHz,83,112.91 W,96 %,0x0000000000000020
20261005T012348Z/mistral-7b-instruct-v0.1-q4_k_m-prefill-rep1,2026/10/04 20:25:35.495,1607 MHz,4513 MHz,83,102.76 W,100 %,0x0000000000000020
20261005T012348Z/mistral-7b-instruct-v0.1-q4_k_m-prefill-rep1,2026/10/04 20:25:35.605,1607 MHz,4513 MHz,82,100.88 W,100 %,0x0000000000000020
20261005T012348Z/mistral-7b-instruct-v0.1-q4_k_m-prefill-rep1,2026/10/04 20:25:35.707,1607 MHz,4513 MHz,82,98.61 W,100 %,0x0000000000000020
20261005T012348Z/mistral-7b-instruct-v0.1-q4_k_m-prefill-rep1,2026/10/04 20:25:35.810,1607 MHz,4513 MHz,82,144.93 W,100 %,0x0000000000000020
20261005T012348Z/mistral-7b-instruct-v0.1-q4_k_m-prefill-rep1,2026/10/04 20:25:35.912,1607 MHz,4513 MHz,84,105.57 W,100 %,0x0000000000000020
20261005T012348Z/mistral-7b-instruct-v0.1-q4_k_m-prefill-rep1,2026/10/04 20:25:36.014,1607 MHz,4513 MHz,83,113.90 W,97 %,0x0000000000000020
20261005T012348Z/mistral-7b-instruct-v0.1-q4_k_m-prefill-rep1,2026/10/04 20:25:36.116,1607 MHz,4513 MHz,83,108.42 W,97 %,0x0000000000000020
20261005T012348Z/mistral-7b-instruct-v0.1-q4_k_m-prefill-rep1,2026/10/04 20:25:36.227,1607 MHz,4513 MHz,82,99.89 W,100 %,0x0000000000000000
20261005T012348Z/mistral-7b-instruct-v0.1-q4_k_m-prefill-rep1,2026/10/04 20:25:36.329,1645 MHz,4513 MHz,82,103.24 W,100 %,0x0000000000000000
20261005T012348Z/mistral-7b-instruct-v0.1-q4_k_m-prefill-rep1,2026/10/04 20:25:36.432,1645 MHz,4513 MHz,82,102.25 W,100 %,0x0000000000000000
20261005T012348Z/mistral-7b-instruct-v0.1-q4_k_m-prefill-rep1,2026/10/04 20:25:36.534,1607 MHz,4513 MHz,84,112.59 W,100 %,0x0000000000000020
20261005T012348Z/mistral-7b-instruct-v0.1-q4_k_m-prefill-rep1,2026/10/04 20:25:36.637,1607 MHz,4513 MHz,84,111.82 W,100 %,0x0000000000000000
20261005T012348Z/mistral-7b-instruct-v0.1-q4_k_m-prefill-rep1,2026/10/04 20:25:36.738,1670 MHz,4513 MHz,83,120.70 W,97 %,0x0000000000000000
20261005T012348Z/mistral-7b-instruct-v0.1-q4_k_m-prefill-rep1,2026/10/04 20:25:36.840,1657 MHz,4513 MHz,83,107.02 W,100 %,0x0000000000000000
20261005T012348Z/mistral-7b-instruct-v0.1-q4_k_m-prefill-rep1,2026/10/04 20:25:36.948,1657 MHz,4513 MHz,82,105.43 W,100 %,0x0000000000000000
20261005T012348Z/mistral-7b-instruct-v0.1-q4_k_m-prefill-rep1,2026/10/04 20:25:37.051,1733 MHz,4513 MHz,83,112.85 W,100 %,0x0000000000000000
20261005T012348Z/mistral-7b-instruct-v0.1-q4_k_m-prefill-rep1,2026/10/04 20:25:37.153,1607 MHz,4513 MHz,83,144.97 W,100 %,0x0000000000000020
20261005T012348Z/mistral-7b-instruct-v0.1-q4_k_m-prefill-rep1,2026/10/04 20:25:37.255,1607 MHz,4513 MHz,84,109.58 W,100 %,0x0000000000000000
20261005T012348Z/mistral-7b-instruct-v0.1-q4_k_m-prefill-rep1,2026/10/04 20:25:37.358,1670 MHz,4513 MHz,83,133.71 W,97 %,0x0000000000000020
20261005T012348Z/mistral-7b-instruct-v0.1-q4_k_m-prefill-rep1,2026/10/04 20:25:37.460,1607 MHz,4513 MHz,83,104.06 W,97 %,0x0000000000000000
20261005T012348Z/mistral-7b-instruct-v0.1-q4_k_m-prefill-rep1,2026/10/04 20:25:37.563,1721 MHz,4513 MHz,83,113.33 W,100 %,0x0000000000000020
20261005T012348Z/mistral-7b-instruct-v0.1-q4_k_m-prefill-rep1,2026/10/04 20:25:37.674,1645 MHz,4513 MHz,82,104.26 W,100 %,0x0000000000000000
20261005T012348Z/mistral-7b-instruct-v0.1-q4_k_m-prefill-rep1,2026/10/04 20:25:37.776,1607 MHz,4513 MHz,82,149.98 W,100 %,0x0000000000000020
20261005T012348Z/mistral-7b-instruct-v0.1-q4_k_m-prefill-rep1,2026/10/04 20:25:37.882,1607 MHz,4513 MHz,84,106.55 W,100 %,0x0000000000000020
20261005T012348Z/mistral-7b-instruct-v0.1-q4_k_m-prefill-rep1,2026/10/04 20:25:37.984,1607 MHz,4513 MHz,83,113.67 W,97 %,0x0000000000000020
20261005T012348Z/mistral-7b-instruct-v0.1-q4_k_m-prefill-rep1,2026/10/04 20:25:38.086,1607 MHz,4513 MHz,83,105.62 W,97 %,0x0000000000000020
20261005T012348Z/mistral-7b-instruct-v0.1-q4_k_m-prefill-rep1,2026/10/04 20:25:38.196,1607 MHz,4513 MHz,82,100.53 W,100 %,0x0000000000000020
20261005T012348Z/mistral-7b-instruct-v0.1-q4_k_m-prefill-rep1,2026/10/04 20:25:38.298,1607 MHz,4513 MHz,82,99.33 W,100 %,0x0000000000000020
20261005T012348Z/mistral-7b-instruct-v0.1-q4_k_m-prefill-rep1,2026/10/04 20:25:38.401,1607 MHz,4513 MHz,82,102.28 W,100 %,0x0000000000000020
20261005T012348Z/mistral-7b-instruct-v0.1-q4_k_m-prefill-rep1,2026/10/04 20:25:38.503,1607 MHz,4513 MHz,84,125.00 W,99 %,0x0000000000000020
20261005T012348Z/mistral-7b-instruct-v0.1-q4_k_m-prefill-rep1,2026/10/04 20:25:38.605,1607 MHz,4513 MHz,83,111.10 W,99 %,0x0000000000000020
20261005T012348Z/mistral-7b-instruct-v0.1-q4_k_m-prefill-rep1,2026/10/04 20:25:38.708,1607 MHz,4513 MHz,83,112.55 W,97 %,0x0000000000000020
20261005T012348Z/mistral-7b-instruct-v0.1-q4_k_m-prefill-rep1,2026/10/04 20:25:38.819,1607 MHz,4513 MHz,83,101.57 W,100 %,0x0000000000000020
20261005T012348Z/mistral-7b-instruct-v0.1-q4_k_m-prefill-rep1,2026/10/04 20:25:38.921,1607 MHz,4513 MHz,82,98.89 W,100 %,0x0000000000000020
20261005T012348Z/mistral-7b-instruct-v0.1-q4_k_m-prefill-rep1,2026/10/04 20:25:39.023,1607 MHz,4513 MHz,82,97.97 W,100 %,0x0000000000000020
20261005T012348Z/mistral-7b-instruct-v0.1-q4_k_m-prefill-rep1,2026/10/04 20:25:39.125,1607 MHz,4513 MHz,83,146.43 W,100 %,0x0000000000000020
20261005T012348Z/mistral-7b-instruct-v0.1-q4_k_m-prefill-rep1,2026/10/04 20:25:39.228,1607 MHz,4513 MHz,84,109.59 W,97 %,0x0000000000000020
20261005T012348Z/mistral-7b-instruct-v0.1-q4_k_m-prefill-rep1,2026/10/04 20:25:39.330,1607 MHz,4513 MHz,83,113.90 W,100 %,0x0000000000000020
20261005T012348Z/mistral-7b-instruct-v0.1-q4_k_m-prefill-rep1,2026/10/04 20:25:39.440,1607 MHz,4513 MHz,83,104.97 W,100 %,0x0000000000000020
20261005T012348Z/mistral-7b-instruct-v0.1-q4_k_m-prefill-rep1,2026/10/04 20:25:39.543,1607 MHz,4513 MHz,82,100.44 W,100 %,0x0000000000000000
20261005T012348Z/mistral-7b-instruct-v0.1-q4_k_m-prefill-rep1,2026/10/04 20:25:39.645,1607 MHz,4513 MHz,82,98.84 W,100 %,0x0000000000000000
20261005T012348Z/mistral-7b-instruct-v0.1-q4_k_m-prefill-rep1,2026/10/04 20:25:39.747,1607 MHz,4513 MHz,83,152.19 W,100 %,0x0000000000000020
20261005T012348Z/mistral-7b-instruct-v0.1-q4_k_m-prefill-rep1,2026/10/04 20:25:39.849,1607 MHz,4513 MHz,84,108.88 W,97 %,0x0000000000000020
20261005T012348Z/mistral-7b-instruct-v0.1-q4_k_m-prefill-rep1,2026/10/04 20:25:39.962,1607 MHz,4513 MHz,83,113.75 W,97 %,0x0000000000000020
20261005T012348Z/mistral-7b-instruct-v0.1-q4_k_m-prefill-rep1,2026/10/04 20:25:40.064,1607 MHz,4513 MHz,83,104.78 W,100 %,0x0000000000000020
20261005T012348Z/mistral-7b-instruct-v0.1-q4_k_m-prefill-rep1,2026/10/04 20:25:40.166,1607 MHz,4513 MHz,83,102.33 W,100 %,0x0000000000000020
20261005T012348Z/mistral-7b-instruct-v0.1-q4_k_m-prefill-rep1,2026/10/04 20:25:40.269,1607 MHz,4513 MHz,82,99.28 W,100 %,0x0000000000000000
20261005T012348Z/mistral-7b-instruct-v0.1-q4_k_m-prefill-rep1,2026/10/04 20:25:40.371,1645 MHz,4513 MHz,82,157.60 W,100 %,0x0000000000000020
20261005T012348Z/mistral-7b-instruct-v0.1-q4_k_m-prefill-rep1,2026/10/04 20:25:40.488,1607 MHz,4513 MHz,84,105.14 W,100 %,0x0000000000000000
20261005T012348Z/mistral-7b-instruct-v0.1-q4_k_m-prefill-rep1,2026/10/04 20:25:40.591,1695 MHz,4513 MHz,84,129.39 W,97 %,0x0000000000000000
20261005T012348Z/mistral-7b-instruct-v0.1-q4_k_m-prefill-rep1,2026/10/04 20:25:40.693,1607 MHz,4513 MHz,83,105.50 W,100 %,0x0000000000000000
20261005T012348Z/mistral-7b-instruct-v0.1-q4_k_m-prefill-rep1,2026/10/04 20:25:40.804,1607 MHz,4513 MHz,83,100.88 W,100 %,0x0000000000000000
20261005T012348Z/mistral-7b-instruct-v0.1-q4_k_m-prefill-rep1,2026/10/04 20:25:40.906,1607 MHz,4513 MHz,82,99.43 W,100 %,0x0000000000000020
20261005T012348Z/mistral-7b-instruct-v0.1-q4_k_m-prefill-rep1,2026/10/04 20:25:41.008,1607 MHz,4513 MHz,82,112.81 W,100 %,0x0000000000000020
20261005T012348Z/mistral-7b-instruct-v0.1-q4_k_m-prefill-rep1,2026/10/04 20:25:41.111,1607 MHz,4513 MHz,84,124.22 W,100 %,0x0000000000000020
20261005T012348Z/mistral-7b-instruct-v0.1-q4_k_m-prefill-rep1,2026/10/04 20:25:41.213,1607 MHz,4513 MHz,84,112.15 W,97 %,0x0000000000000020
20261005T012348Z/mistral-7b-instruct-v0.1-q4_k_m-prefill-rep1,2026/10/04 20:25:41.315,1607 MHz,4513 MHz,83,109.89 W,97 %,0x0000000000000020
20261005T012348Z/mistral-7b-instruct-v0.1-q4_k_m-prefill-rep1,2026/10/04 20:25:41.426,1607 MHz,4513 MHz,83,101.89 W,100 %,0x0000000000000020
20261005T012348Z/mistral-7b-instruct-v0.1-q4_k_m-prefill-rep1,2026/10/04 20:25:41.529,1607 MHz,4513 MHz,82,99.74 W,100 %,0x0000000000000020
20261005T012348Z/mistral-7b-instruct-v0.1-q4_k_m-prefill-rep1,2026/10/04 20:25:41.631,1607 MHz,4513 MHz,82,98.50 W,100 %,0x0000000000000020
20261005T012348Z/mistral-7b-instruct-v0.1-q4_k_m-prefill-rep1,2026/10/04 20:25:41.733,1607 MHz,4513 MHz,83,150.06 W,100 %,0x0000000000000020
20261005T012348Z/mistral-7b-instruct-v0.1-q4_k_m-prefill-rep1,2026/10/04 20:25:41.836,1607 MHz,4513 MHz,84,108.29 W,97 %,0x0000000000000020
20261005T012348Z/mistral-7b-instruct-v0.1-q4_k_m-prefill-rep1,2026/10/04 20:25:41.938,1607 MHz,4513 MHz,83,113.56 W,97 %,0x0000000000000020
20261005T012348Z/mistral-7b-instruct-v0.1-q4_k_m-prefill-rep1,2026/10/04 20:25:42.051,1607 MHz,4513 MHz,83,102.42 W,100 %,0x0000000000000020
20261005T012348Z/mistral-7b-instruct-v0.1-q4_k_m-prefill-rep1,2026/10/04 20:25:42.153,1607 MHz,4513 MHz,83,100.06 W,100 %,0x0000000000000020
20261005T012348Z/mistral-7b-instruct-v0.1-q4_k_m-prefill-rep1,2026/10/04 20:25:42.255,1607 MHz,4513 MHz,82,99.28 W,100 %,0x0000000000000020
20261005T012348Z/mistral-7b-instruct-v0.1-q4_k_m-prefill-rep1,2026/10/04 20:25:42.358,1607 MHz,4513 MHz,83,149.55 W,100 %,0x0000000000000020
20261005T012348Z/mistral-7b-instruct-v0.1-q4_k_m-prefill-rep1,2026/10/04 20:25:42.460,1607 MHz,4513 MHz,84,108.67 W,100 %,0x0000000000000020
20261005T012348Z/mistral-7b-instruct-v0.1-q4_k_m-prefill-rep1,2026/10/04 20:25:42.572,1607 MHz,4513 MHz,84,114.09 W,97 %,0x0000000000000020
20261005T012348Z/mistral-7b-instruct-v0.1-q4_k_m-prefill-rep1,2026/10/04 20:25:42.674,1607 MHz,4513 MHz,83,105.98 W,100 %,0x0000000000000020
20261005T012348Z/mistral-7b-instruct-v0.1-q4_k_m-prefill-rep1,2026/10/04 20:25:42.776,1607 MHz,4513 MHz,83,101.81 W,100 %,0x0000000000000020
20261005T012348Z/mistral-7b-instruct-v0.1-q4_k_m-prefill-rep1,2026/10/04 20:25:42.878,1607 MHz,4513 MHz,82,101.12 W,100 %,0x0000000000000020
20261005T012348Z/mistral-7b-instruct-v0.1-q4_k_m-prefill-rep1,2026/10/04 20:25:42.981,1607 MHz,4513 MHz,82,139.21 W,100 %,0x0000000000000020
20261005T012348Z/mistral-7b-instruct-v0.1-q4_k_m-prefill-rep1,2026/10/04 20:25:43.093,1607 MHz,4513 MHz,85,107.02 W,100 %,0x0000000000000020
20261005T012348Z/mistral-7b-instruct-v0.1-q4_k_m-prefill-rep1,2026/10/04 20:25:43.195,1607 MHz,4513 MHz,84,113.62 W,97 %,0x0000000000000020
20261005T012348Z/mistral-7b-instruct-v0.1-q4_k_m-prefill-rep1,2026/10/04 20:25:43.297,1607 MHz,4513 MHz,83,110.76 W,97 %,0x0000000000000020
20261005T012348Z/mistral-7b-instruct-v0.1-q4_k_m-prefill-rep1,2026/10/04 20:25:43.400,1607 MHz,4513 MHz,83,101.94 W,100 %,0x0000000000000000
20261005T012348Z/mistral-7b-instruct-v0.1-q4_k_m-prefill-rep1,2026/10/04 20:25:43.502,1607 MHz,4513 MHz,83,97.83 W,100 %,0x0000000000000020
20261005T012348Z/mistral-7b-instruct-v0.1-q4_k_m-prefill-rep1,2026/10/04 20:25:43.613,1607 MHz,4513 MHz,82,98.55 W,100 %,0x0000000000000020
20261005T012348Z/mistral-7b-instruct-v0.1-q4_k_m-prefill-rep1,2026/10/04 20:25:43.715,1607 MHz,4513 MHz,84,134.03 W,100 %,0x0000000000000020
20261005T012348Z/mistral-7b-instruct-v0.1-q4_k_m-prefill-rep1,2026/10/04 20:25:43.817,1607 MHz,4513 MHz,84,111.82 W,100 %,0x0000000000000000
20261005T012348Z/mistral-7b-instruct-v0.1-q4_k_m-prefill-rep1,2026/10/04 20:25:43.919,1607 MHz,4513 MHz,84,120.70 W,97 %,0x0000000000000020
20261005T012348Z/mistral-7b-instruct-v0.1-q4_k_m-prefill-rep1,2026/10/04 20:25:44.022,1657 MHz,4513 MHz,83,105.81 W,100 %,0x0000000000000020
20261005T012348Z/mistral-7b-instruct-v0.1-q4_k_m-prefill-rep1,2026/10/04 20:25:44.124,1607 MHz,4513 MHz,83,103.58 W,100 %,0x0000000000000020
20261005T012348Z/mistral-7b-instruct-v0.1-q4_k_m-prefill-rep1,2026/10/04 20:25:44.226,1607 MHz,4513 MHz,82,98.18 W,100 %,0x0000000000000020
20261005T012348Z/mistral-7b-instruct-v0.1-q4_k_m-prefill-rep1,2026/10/04 20:25:44.335,1607 MHz,4513 MHz,83,150.29 W,100 %,0x0000000000000020
20261005T012348Z/mistral-7b-instruct-v0.1-q4_k_m-prefill-rep2,2026/10/04 20:27:05.853,1607 MHz,4513 MHz,84,71.70 W,1 %,0x0000000000000020
20261005T012348Z/mistral-7b-instruct-v0.1-q4_k_m-prefill-rep2,2026/10/04 20:27:05.975,1607 MHz,4513 MHz,85,113.71 W,25 %,0x0000000000000020
20261005T012348Z/mistral-7b-instruct-v0.1-q4_k_m-prefill-rep2,2026/10/04 20:27:06.095,1607 MHz,4513 MHz,85,113.58 W,100 %,0x0000000000000020
20261005T012348Z/mistral-7b-instruct-v0.1-q4_k_m-prefill-rep2,2026/10/04 20:27:06.206,1607 MHz,4513 MHz,85,102.73 W,100 %,0x0000000000000020
20261005T012348Z/mistral-7b-instruct-v0.1-q4_k_m-prefill-rep2,2026/10/04 20:27:06.308,1607 MHz,4513 MHz,85,99.28 W,100 %,0x0000000000000020
20261005T012348Z/mistral-7b-instruct-v0.1-q4_k_m-prefill-rep2,2026/10/04 20:27:06.410,1607 MHz,4513 MHz,85,99.21 W,100 %,0x0000000000000020
20261005T012348Z/mistral-7b-instruct-v0.1-q4_k_m-prefill-rep2,2026/10/04 20:27:06.512,1607 MHz,4513 MHz,87,156.35 W,100 %,0x0000000000000020
20261005T012348Z/mistral-7b-instruct-v0.1-q4_k_m-prefill-rep2,2026/10/04 20:27:06.616,1607 MHz,4513 MHz,87,113.62 W,97 %,0x0000000000000020
20261005T012348Z/mistral-7b-instruct-v0.1-q4_k_m-prefill-rep2,2026/10/04 20:27:06.735,1607 MHz,4513 MHz,87,114.01 W,97 %,0x0000000000000020
20261005T012348Z/mistral-7b-instruct-v0.1-q4_k_m-prefill-rep2,2026/10/04 20:27:06.837,1607 MHz,4513 MHz,86,105.61 W,100 %,0x0000000000000020
20261005T012348Z/mistral-7b-instruct-v0.1-q4_k_m-prefill-rep2,2026/10/04 20:27:06.948,1607 MHz,4513 MHz,86,99.38 W,100 %,0x0000000000000020
20261005T012348Z/mistral-7b-instruct-v0.1-q4_k_m-prefill-rep2,2026/10/04 20:27:07.050,1607 MHz,4513 MHz,86,99.81 W,100 %,0x0000000000000020
20261005T012348Z/mistral-7b-instruct-v0.1-q4_k_m-prefill-rep2,2026/10/04 20:27:07.153,1607 MHz,4513 MHz,87,147.92 W,100 %,0x0000000000000020
20261005T012348Z/mistral-7b-instruct-v0.1-q4_k_m-prefill-rep2,2026/10/04 20:27:07.258,1607 MHz,4513 MHz,88,110.74 W,97 %,0x0000000000000020
20261005T012348Z/mistral-7b-instruct-v0.1-q4_k_m-prefill-rep2,2026/10/04 20:27:07.370,1607 MHz,4513 MHz,87,109.89 W,97 %,0x0000000000000020
20261005T012348Z/mistral-7b-instruct-v0.1-q4_k_m-prefill-rep2,2026/10/04 20:27:07.473,1607 MHz,4513 MHz,87,107.02 W,100 %,0x0000000000000020
20261005T012348Z/mistral-7b-instruct-v0.1-q4_k_m-prefill-rep2,2026/10/04 20:27:07.575,1607 MHz,4513 MHz,86,102.14 W,100 %,0x0000000000000020
20261005T012348Z/mistral-7b-instruct-v0.1-q4_k_m-prefill-rep2,2026/10/04 20:27:07.677,1607 MHz,4513 MHz,86,100.49 W,100 %,0x0000000000000020
20261005T012348Z/mistral-7b-instruct-v0.1-q4_k_m-prefill-rep2,2026/10/04 20:27:07.779,1607 MHz,4513 MHz,86,150.22 W,100 %,0x0000000000000020
20261005T012348Z/mistral-7b-instruct-v0.1-q4_k_m-prefill-rep2,2026/10/04 20:27:07.900,1607 MHz,4513 MHz,88,112.49 W,100 %,0x0000000000000020
20261005T012348Z/mistral-7b-instruct-v0.1-q4_k_m-prefill-rep2,2026/10/04 20:27:08.010,1607 MHz,4513 MHz,87,115.29 W,97 %,0x0000000000000020
20261005T012348Z/mistral-7b-instruct-v0.1-q4_k_m-prefill-rep2,2026/10/04 20:27:08.113,1607 MHz,4513 MHz,87,104.64 W,100 %,0x0000000000000020
20261005T012348Z/mistral-7b-instruct-v0.1-q4_k_m-prefill-rep2,2026/10/04 20:27:08.215,1607 MHz,4513 MHz,86,101.89 W,100 %,0x0000000000000020
20261005T012348Z/mistral-7b-instruct-v0.1-q4_k_m-prefill-rep2,2026/10/04 20:27:08.317,1607 MHz,4513 MHz,86,100.59 W,100 %,0x0000000000000020
20261005T012348Z/mistral-7b-instruct-v0.1-q4_k_m-prefill-rep2,2026/10/04 20:27:08.419,1607 MHz,4513 MHz,87,152.74 W,100 %,0x0000000000000020
20261005T012348Z/mistral-7b-instruct-v0.1-q4_k_m-prefill-rep2,2026/10/04 20:27:08.541,1607 MHz,4513 MHz,88,110.67 W,100 %,0x0000000000000000
20261005T012348Z/mistral-7b-instruct-v0.1-q4_k_m-prefill-rep2,2026/10/04 20:27:08.649,1695 MHz,4513 MHz,88,131.84 W,97 %,0x0000000000000000
20261005T012348Z/mistral-7b-instruct-v0.1-q4_k_m-prefill-rep2,2026/10/04 20:27:08.752,1607 MHz,4513 MHz,87,114.49 W,100 %,0x0000000000000020
20261005T012348Z/mistral-7b-instruct-v0.1-q4_k_m-prefill-rep2,2026/10/04 20:27:08.854,1607 MHz,4513 MHz,87,102.47 W,100 %,0x0000000000000000
20261005T012348Z/mistral-7b-instruct-v0.1-q4_k_m-prefill-rep2,2026/10/04 20:27:08.956,1607 MHz,4513 MHz,86,100.42 W,100 %,0x0000000000000020
20261005T012348Z/mistral-7b-instruct-v0.1-q4_k_m-prefill-rep2,2026/10/04 20:27:09.058,1607 MHz,4513 MHz,86,148.88 W,100 %,0x0000000000000020
20261005T012348Z/mistral-7b-instruct-v0.1-q4_k_m-prefill-rep2,2026/10/04 20:27:09.161,1607 MHz,4513 MHz,88,107.35 W,100 %,0x0000000000000000
20261005T012348Z/mistral-7b-instruct-v0.1-q4_k_m-prefill-rep2,2026/10/04 20:27:09.263,1683 MHz,4513 MHz,87,122.94 W,97 %,0x0000000000000000
20261005T012348Z/mistral-7b-instruct-v0.1-q4_k_m-prefill-rep2,2026/10/04 20:27:09.371,1607 MHz,4513 MHz,87,112.76 W,97 %,0x0000000000000020
20261005T012348Z/mistral-7b-instruct-v0.1-q4_k_m-prefill-rep2,2026/10/04 20:27:09.474,1620 MHz,4513 MHz,87,103.69 W,100 %,0x0000000000000000
20261005T012348Z/mistral-7b-instruct-v0.1-q4_k_m-prefill-rep2,2026/10/04 20:27:09.576,1607 MHz,4513 MHz,86,99.19 W,100 %,0x0000000000000020
20261005T012348Z/mistral-7b-instruct-v0.1-q4_k_m-prefill-rep2,2026/10/04 20:27:09.678,1607 MHz,4513 MHz,86,99.05 W,100 %,0x0000000000000020
20261005T012348Z/mistral-7b-instruct-v0.1-q4_k_m-prefill-rep2,2026/10/04 20:27:09.780,1607 MHz,4513 MHz,88,129.37 W,100 %,0x0000000000000020
20261005T012348Z/mistral-7b-instruct-v0.1-q4_k_m-prefill-rep2,2026/10/04 20:27:09.884,1607 MHz,4513 MHz,88,113.36 W,100 %,0x0000000000000020
20261005T012348Z/mistral-7b-instruct-v0.1-q4_k_m-prefill-rep2,2026/10/04 20:27:09.986,1607 MHz,4513 MHz,87,114.01 W,97 %,0x0000000000000020
20261005T012348Z/mistral-7b-instruct-v0.1-q4_k_m-prefill-rep2,2026/10/04 20:27:10.098,1607 MHz,4513 MHz,87,103.64 W,100 %,0x0000000000000020
20261005T012348Z/mistral-7b-instruct-v0.1-q4_k_m-prefill-rep2,2026/10/04 20:27:10.200,1607 MHz,4513 MHz,86,101.65 W,100 %,0x0000000000000020
20261005T012348Z/mistral-7b-instruct-v0.1-q4_k_m-prefill-rep2,2026/10/04 20:27:10.302,1607 MHz,4513 MHz,86,100.29 W,100 %,0x0000000000000020
20261005T012348Z/mistral-7b-instruct-v0.1-q4_k_m-prefill-rep2,2026/10/04 20:27:10.404,1607 MHz,4513 MHz,87,158.51 W,100 %,0x0000000000000020
20261005T012348Z/mistral-7b-instruct-v0.1-q4_k_m-prefill-rep2,2026/10/04 20:27:10.528,1607 MHz,4513 MHz,88,113.93 W,100 %,0x0000000000000020
20261005T012348Z/mistral-7b-instruct-v0.1-q4_k_m-prefill-rep2,2026/10/04 20:27:10.640,1607 MHz,4513 MHz,87,115.98 W,97 %,0x0000000000000020
20261005T012348Z/mistral-7b-instruct-v0.1-q4_k_m-prefill-rep2,2026/10/04 20:27:10.743,1607 MHz,4513 MHz,87,104.83 W,97 %,0x0000000000000020
20261005T012348Z/mistral-7b-instruct-v0.1-q4_k_m-prefill-rep2,2026/10/04 20:27:10.845,1607 MHz,4513 MHz,87,102.23 W,100 %,0x0000000000000020
20261005T012348Z/mistral-7b-instruct-v0.1-q4_k_m-prefill-rep2,2026/10/04 20:27:10.947,1607 MHz,4513 MHz,86,101.62 W,100 %,0x0000000000000020
20261005T012348Z/mistral-7b-instruct-v0.1-q4_k_m-prefill-rep2,2026/10/04 20:27:11.049,1607 MHz,4513 MHz,87,149.50 W,100 %,0x0000000000000020
20261005T012348Z/mistral-7b-instruct-v0.1-q4_k_m-prefill-rep2,2026/10/04 20:27:11.169,1607 MHz,4513 MHz,88,110.93 W,97 %,0x0000000000000020
20261005T012348Z/mistral-7b-instruct-v0.1-q4_k_m-prefill-rep2,2026/10/04 20:27:11.282,1607 MHz,4513 MHz,87,113.87 W,100 %,0x0000000000000020
20261005T012348Z/mistral-7b-instruct-v0.1-q4_k_m-prefill-rep2,2026/10/04 20:27:11.385,1607 MHz,4513 MHz,87,105.36 W,100 %,0x0000000000000020
20261005T012348Z/mistral-7b-instruct-v0.1-q4_k_m-prefill-rep2,2026/10/04 20:27:11.487,1607 MHz,4513 MHz,87,101.56 W,100 %,0x0000000000000020
20261005T012348Z/mistral-7b-instruct-v0.1-q4_k_m-prefill-rep2,2026/10/04 20:27:11.589,1607 MHz,4513 MHz,86,100.25 W,100 %,0x0000000000000020
20261005T012348Z/mistral-7b-instruct-v0.1-q4_k_m-prefill-rep2,2026/10/04 20:27:11.691,1607 MHz,4513 MHz,87,142.62 W,100 %,0x0000000000000020
20261005T012348Z/mistral-7b-instruct-v0.1-q4_k_m-prefill-rep2,2026/10/04 20:27:11.811,1607 MHz,4513 MHz,88,110.50 W,97 %,0x0000000000000000
20261005T012348Z/mistral-7b-instruct-v0.1-q4_k_m-prefill-rep2,2026/10/04 20:27:11.921,1607 MHz,4513 MHz,87,115.34 W,97 %,0x0000000000000000
20261005T012348Z/mistral-7b-instruct-v0.1-q4_k_m-prefill-rep2,2026/10/04 20:27:12.023,1607 MHz,4513 MHz,87,108.23 W,100 %,0x0000000000000020
20261005T012348Z/mistral-7b-instruct-v0.1-q4_k_m-prefill-rep2,2026/10/04 20:27:12.125,1607 MHz,4513 MHz,87,102.38 W,100 %,0x0000000000000020
20261005T012348Z/mistral-7b-instruct-v0.1-q4_k_m-prefill-rep2,2026/10/04 20:27:12.228,1607 MHz,4513 MHz,86,101.38 W,100 %,0x0000000000000020
20261005T012348Z/mistral-7b-instruct-v0.1-q4_k_m-prefill-rep2,2026/10/04 20:27:12.330,1607 MHz,4513 MHz,86,145.32 W,100 %,0x0000000000000020
20261005T012348Z/mistral-7b-instruct-v0.1-q4_k_m-prefill-rep2,2026/10/04 20:27:12.432,1607 MHz,4513 MHz,88,107.83 W,100 %,0x0000000000000000
20261005T012348Z/mistral-7b-instruct-v0.1-q4_k_m-prefill-rep2,2026/10/04 20:27:12.534,1632 MHz,4513 MHz,88,120.73 W,97 %,0x0000000000000000
20261005T012348Z/mistral-7b-instruct-v0.1-q4_k_m-prefill-rep2,2026/10/04 20:27:12.637,1607 MHz,4513 MHz,87,109.63 W,100 %,0x0000000000000020
20261005T012348Z/mistral-7b-instruct-v0.1-q4_k_m-prefill-rep2,2026/10/04 20:27:12.746,1607 MHz,4513 MHz,87,103.93 W,100 %,0x0000000000000020
20261005T012348Z/mistral-7b-instruct-v0.1-q4_k_m-prefill-rep2,2026/10/04 20:27:12.849,1607 MHz,4513 MHz,87,101.81 W,100 %,0x0000000000000020
20261005T012348Z/mistral-7b-instruct-v0.1-q4_k_m-prefill-rep2,2026/10/04 20:27:12.951,1607 MHz,4513 MHz,86,100.78 W,100 %,0x0000000000000020
20261005T012348Z/mistral-7b-instruct-v0.1-q4_k_m-prefill-rep2,2026/10/04 20:27:13.053,1607 MHz,4513 MHz,88,108.00 W,100 %,0x0000000000000020
20261005T012348Z/mistral-7b-instruct-v0.1-q4_k_m-prefill-rep2,2026/10/04 20:27:13.155,1607 MHz,4513 MHz,88,112.73 W,97 %,0x0000000000000020
20261005T012348Z/mistral-7b-instruct-v0.1-q4_k_m-prefill-rep2,2026/10/04 20:27:13.257,1607 MHz,4513 MHz,87,116.12 W,97 %,0x0000000000000020
20261005T012348Z/mistral-7b-instruct-v0.1-q4_k_m-prefill-rep2,2026/10/04 20:27:13.369,1607 MHz,4513 MHz,87,109.10 W,100 %,0x0000000000000020
20261005T012348Z/mistral-7b-instruct-v0.1-q4_k_m-prefill-rep2,2026/10/04 20:27:13.471,1607 MHz,4513 MHz,87,100.83 W,100 %,0x0000000000000020
20261005T012348Z/mistral-7b-instruct-v0.1-q4_k_m-prefill-rep2,2026/10/04 20:27:13.574,1607 MHz,4513 MHz,86,100.49 W,100 %,0x0000000000000020
20261005T012348Z/mistral-7b-instruct-v0.1-q4_k_m-prefill-rep2,2026/10/04 20:27:13.676,1607 MHz,4513 MHz,88,128.26 W,100 %,0x0000000000000020
20261005T012348Z/mistral-7b-instruct-v0.1-q4_k_m-prefill-rep2,2026/10/04 20:27:13.779,1607 MHz,4513 MHz,88,114.94 W,97 %,0x0000000000000020
20261005T012348Z/mistral-7b-instruct-v0.1-q4_k_m-prefill-rep2,2026/10/04 20:27:13.897,1607 MHz,4513 MHz,88,110.64 W,97 %,0x0000000000000020
20261005T012348Z/mistral-7b-instruct-v0.1-q4_k_m-prefill-rep2,2026/10/04 20:27:14.000,1607 MHz,4513 MHz,87,102.63 W,100 %,0x0000000000000020
20261005T012348Z/mistral-7b-instruct-v0.1-q4_k_m-prefill-rep2,2026/10/04 20:27:14.110,1607 MHz,4513 MHz,87,101.28 W,100 %,0x0000000000000020
20261005T012348Z/mistral-7b-instruct-v0.1-q4_k_m-prefill-rep2,2026/10/04 20:27:14.213,1607 MHz,4513 MHz,86,101.12 W,100 %,0x0000000000000020
20261005T012348Z/mistral-7b-instruct-v0.1-q4_k_m-prefill-rep2,2026/10/04 20:27:14.315,1607 MHz,4513 MHz,87,142.72 W,100 %,0x0000000000000020
20261005T012348Z/mistral-7b-instruct-v0.1-q4_k_m-prefill-rep2,2026/10/04 20:27:14.422,1607 MHz,4513 MHz,88,111.19 W,100 %,0x0000000000000020
20261005T012348Z/mistral-7b-instruct-v0.1-q4_k_m-prefill-rep2,2026/10/04 20:27:14.534,1607 MHz,4513 MHz,88,116.12 W,97 %,0x0000000000000020
20261005T012348Z/mistral-7b-instruct-v0.1-q4_k_m-prefill-rep2,2026/10/04 20:27:14.636,1607 MHz,4513 MHz,87,108.23 W,100 %,0x0000000000000020
20261005T012348Z/mistral-7b-instruct-v0.1-q4_k_m-prefill-rep2,2026/10/04 20:27:14.738,1607 MHz,4513 MHz,87,102.49 W,100 %,0x0000000000000020
20261005T012348Z/mistral-7b-instruct-v0.1-q4_k_m-prefill-rep2,2026/10/04 20:27:14.841,1607 MHz,4513 MHz,86,100.80 W,100 %,0x0000000000000020
20261005T012348Z/mistral-7b-instruct-v0.1-q4_k_m-prefill-rep2,2026/10/04 20:27:14.943,1607 MHz,4513 MHz,86,153.86 W,100 %,0x0000000000000020
20261005T012348Z/mistral-7b-instruct-v0.1-q4_k_m-prefill-rep2,2026/10/04 20:27:15.063,1607 MHz,4513 MHz,88,111.68 W,100 %,0x0000000000000020
20261005T012348Z/mistral-7b-instruct-v0.1-q4_k_m-prefill-rep2,2026/10/04 20:27:15.175,1607 MHz,4513 MHz,88,116.31 W,97 %,0x0000000000000020
20261005T012348Z/mistral-7b-instruct-v0.1-q4_k_m-prefill-rep2,2026/10/04 20:27:15.277,1607 MHz,4513 MHz,87,107.50 W,97 %,0x0000000000000020
20261005T012348Z/mistral-7b-instruct-v0.1-q4_k_m-prefill-rep2,2026/10/04 20:27:15.379,1607 MHz,4513 MHz,87,104.36 W,100 %,0x0000000000000020
20261005T012348Z/mistral-7b-instruct-v0.1-q4_k_m-prefill-rep2,2026/10/04 20:27:15.482,1607 MHz,4513 MHz,86,101.22 W,100 %,0x0000000000000020
20261005T012348Z/mistral-7b-instruct-v0.1-q4_k_m-prefill-rep2,2026/10/04 20:27:15.584,1607 MHz,4513 MHz,87,152.64 W,100 %,0x0000000000000020
20261005T012348Z/mistral-7b-instruct-v0.1-q4_k_m-prefill-rep2,2026/10/04 20:27:15.706,1607 MHz,4513 MHz,88,110.02 W,100 %,0x0000000000000000
20261005T012348Z/mistral-7b-instruct-v0.1-q4_k_m-prefill-rep2,2026/10/04 20:27:15.814,1657 MHz,4513 MHz,88,123.04 W,97 %,0x0000000000000000
20261005T012348Z/mistral-7b-instruct-v0.1-q4_k_m-prefill-rep2,2026/10/04 20:27:15.917,1607 MHz,4513 MHz,88,108.66 W,97 %,0x0000000000000020
20261005T012348Z/mistral-7b-instruct-v0.1-q4_k_m-prefill-rep2,2026/10/04 20:27:16.019,1607 MHz,4513 MHz,87,101.43 W,100 %,0x0000000000000000
20261005T012348Z/mistral-7b-instruct-v0.1-q4_k_m-prefill-rep2,2026/10/04 20:27:16.121,1607 MHz,4513 MHz,87,100.13 W,100 %,0x0000000000000020
20261005T012348Z/mistral-7b-instruct-v0.1-q4_k_m-prefill-rep2,2026/10/04 20:27:16.223,1607 MHz,4513 MHz,86,133.70 W,100 %,0x0000000000000020
20261005T012348Z/mistral-7b-instruct-v0.1-q4_k_m-prefill-rep2,2026/10/04 20:27:16.326,1607 MHz,4513 MHz,89,111.82 W,100 %,0x0000000000000020
20261005T012348Z/mistral-7b-instruct-v0.1-q4_k_m-prefill-rep2,2026/10/04 20:27:16.428,1607 MHz,4513 MHz,88,115.30 W,100 %,0x0000000000000000
20261005T012348Z/mistral-7b-instruct-v0.1-q4_k_m-prefill-rep2,2026/10/04 20:27:16.537,1607 MHz,4513 MHz,88,114.88 W,97 %,0x0000000000000020
20261005T012348Z/mistral-7b-instruct-v0.1-q4_k_m-prefill-rep2,2026/10/04 20:27:16.639,1607 MHz,4513 MHz,87,102.34 W,100 %,0x0000000000000020
20261005T012348Z/mistral-7b-instruct-v0.1-q4_k_m-prefill-rep2,2026/10/04 20:27:16.742,1607 MHz,4513 MHz,87,100.98 W,100 %,0x0000000000000020
20261005T012348Z/mistral-7b-instruct-v0.1-q4_k_m-prefill-rep2,2026/10/04 20:27:16.844,1607 MHz,4513 MHz,87,99.91 W,100 %,0x0000000000000020
20261005T012348Z/mistral-7b-instruct-v0.1-q4_k_m-prefill-rep2,2026/10/04 20:27:16.946,1607 MHz,4513 MHz,88,150.51 W,100 %,0x0000000000000020
20261005T012348Z/mistral-7b-instruct-v0.1-q4_k_m-prefill-rep2,2026/10/04 20:27:17.049,1607 MHz,4513 MHz,88,114.92 W,97 %,0x0000000000000020
20261005T012348Z/mistral-7b-instruct-v0.1-q4_k_m-prefill-rep2,2026/10/04 20:27:17.167,1607 MHz,4513 MHz,88,115.69 W,100 %,0x0000000000000020
20261005T012348Z/mistral-7b-instruct-v0.1-q4_k_m-prefill-rep2,2026/10/04 20:27:17.269,1607 MHz,4513 MHz,87,106.49 W,100 %,0x0000000000000020
20261005T012348Z/mistral-7b-instruct-v0.1-q4_k_m-prefill-rep2,2026/10/04 20:27:17.371,1607 MHz,4513 MHz,87,102.10 W,100 %,0x0000000000000020
20261005T012348Z/mistral-7b-instruct-v0.1-q4_k_m-prefill-rep2,2026/10/04 20:27:17.482,1607 MHz,4513 MHz,87,101.76 W,100 %,0x0000000000000020
20261005T012348Z/mistral-7b-instruct-v0.1-q4_k_m-prefill-rep2,2026/10/04 20:27:17.585,1607 MHz,4513 MHz,88,147.68 W,100 %,0x0000000000000020
20261005T012348Z/mistral-7b-instruct-v0.1-q4_k_m-prefill-rep2,2026/10/04 20:27:17.693,1607 MHz,4513 MHz,88,111.24 W,97 %,0x0000000000000020
20261005T012348Z/mistral-7b-instruct-v0.1-q4_k_m-prefill-rep2,2026/10/04 20:27:17.804,1607 MHz,4513 MHz,88,116.65 W,100 %,0x0000000000000020
20261005T012348Z/mistral-7b-instruct-v0.1-q4_k_m-prefill-rep2,2026/10/04 20:27:17.906,1607 MHz,4513 MHz,87,104.94 W,100 %,0x0000000000000020
20261005T012348Z/mistral-7b-instruct-v0.1-q4_k_m-prefill-rep2,2026/10/04 20:27:18.009,1607 MHz,4513 MHz,87,103.06 W,100 %,0x0000000000000020
20261005T012348Z/mistral-7b-instruct-v0.1-q4_k_m-prefill-rep2,2026/10/04 20:27:18.112,1607 MHz,4513 MHz,87,100.56 W,100 %,0x0000000000000020
20261005T012348Z/mistral-7b-instruct-v0.1-q4_k_m-prefill-rep2,2026/10/04 20:27:18.214,1607 MHz,4513 MHz,87,152.09 W,100 %,0x0000000000000020
20261005T012348Z/mistral-7b-instruct-v0.1-q4_k_m-prefill-rep2,2026/10/04 20:27:18.333,1607 MHz,4513 MHz,89,109.87 W,97 %,0x0000000000000020
20261005T012348Z/mistral-7b-instruct-v0.1-q4_k_m-prefill-rep2,2026/10/04 20:27:18.444,1607 MHz,4513 MHz,88,116.02 W,97 %,0x0000000000000020
20261005T012348Z/mistral-7b-instruct-v0.1-q4_k_m-prefill-rep2,2026/10/04 20:27:18.546,1607 MHz,4513 MHz,88,111.84 W,100 %,0x0000000000000020
20261005T012348Z/mistral-7b-instruct-v0.1-q4_k_m-prefill-rep2,2026/10/04 20:27:18.649,1607 MHz,4513 MHz,87,102.20 W,100 %,0x0000000000000020
20261005T012348Z/mistral-7b-instruct-v0.1-q4_k_m-prefill-rep2,2026/10/04 20:27:18.751,1607 MHz,4513 MHz,87,100.39 W,100 %,0x0000000000000020
20261005T012348Z/mistral-7b-instruct-v0.1-q4_k_m-prefill-rep2,2026/10/04 20:27:18.853,1607 MHz,4513 MHz,87,128.00 W,100 %,0x0000000000000020
20261005T012348Z/mistral-7b-instruct-v0.1-q4_k_m-prefill-rep2,2026/10/04 20:27:18.955,1607 MHz,4513 MHz,89,110.64 W,100 %,0x0000000000000020
20261005T012348Z/mistral-7b-instruct-v0.1-q4_k_m-prefill-rep2,2026/10/04 20:27:19.065,1607 MHz,4513 MHz,88,116.07 W,97 %,0x0000000000000000
20261005T012348Z/mistral-7b-instruct-v0.1-q4_k_m-prefill-rep2,2026/10/04 20:27:19.167,1607 MHz,4513 MHz,88,116.80 W,100 %,0x0000000000000020
20261005T012348Z/mistral-7b-instruct-v0.1-q4_k_m-prefill-rep2,2026/10/04 20:27:19.269,1607 MHz,4513 MHz,87,104.70 W,100 %,0x0000000000000020
20261005T012348Z/mistral-7b-instruct-v0.1-q4_k_m-prefill-rep2,2026/10/04 20:27:19.372,1607 MHz,4513 MHz,87,101.41 W,100 %,0x0000000000000020
20261005T012348Z/mistral-7b-instruct-v0.1-q4_k_m-prefill-rep2,2026/10/04 20:27:19.474,1607 MHz,4513 MHz,87,100.29 W,100 %,0x0000000000000020
20261005T012348Z/mistral-7b-instruct-v0.1-q4_k_m-prefill-rep2,2026/10/04 20:27:19.576,1607 MHz,4513 MHz,88,117.25 W,100 %,0x0000000000000020
20261005T012348Z/mistral-7b-instruct-v0.1-q4_k_m-prefill-rep2,2026/10/04 20:27:19.692,1607 MHz,4513 MHz,88,114.03 W,97 %,0x0000000000000020
20261005T012348Z/mistral-7b-instruct-v0.1-q4_k_m-prefill-rep2,2026/10/04 20:27:19.794,1607 MHz,4513 MHz,88,115.63 W,97 %,0x0000000000000020
20261005T012348Z/mistral-7b-instruct-v0.1-q4_k_m-prefill-rep2,2026/10/04 20:27:19.896,1607 MHz,4513 MHz,87,104.01 W,100 %,0x0000000000000020
20261005T012348Z/mistral-7b-instruct-v0.1-q4_k_m-prefill-rep2,2026/10/04 20:27:20.007,1607 MHz,4513 MHz,87,102.10 W,100 %,0x0000000000000020
20261005T012348Z/mistral-7b-instruct-v0.1-q4_k_m-prefill-rep2,2026/10/04 20:27:20.110,1607 MHz,4513 MHz,87,100.35 W,100 %,0x0000000000000020
20261005T012348Z/mistral-7b-instruct-v0.1-q4_k_m-prefill-rep2,2026/10/04 20:27:20.212,1607 MHz,4513 MHz,87,147.39 W,100 %,0x0000000000000020
20261005T012348Z/mistral-7b-instruct-v0.1-q4_k_m-prefill-rep2,2026/10/04 20:27:20.320,1607 MHz,4513 MHz,89,112.04 W,97 %,0x0000000000000020
20261005T012348Z/mistral-7b-instruct-v0.1-q4_k_m-prefill-rep2,2026/10/04 20:27:20.436,1607 MHz,4513 MHz,88,115.49 W,97 %,0x0000000000000020
20261005T012348Z/mistral-7b-instruct-v0.1-q4_k_m-prefill-rep2,2026/10/04 20:27:20.538,1607 MHz,4513 MHz,88,106.49 W,100 %,0x0000000000000020
20261005T012348Z/mistral-7b-instruct-v0.1-q4_k_m-prefill-rep2,2026/10/04 20:27:20.640,1607 MHz,4513 MHz,87,101.76 W,100 %,0x0000000000000020
20261005T012348Z/mistral-7b-instruct-v0.1-q4_k_m-prefill-rep2,2026/10/04 20:27:20.751,1607 MHz,4513 MHz,87,100.98 W,100 %,0x0000000000000020
20261005T012348Z/mistral-7b-instruct-v0.1-q4_k_m-prefill-rep2,2026/10/04 20:27:20.853,1607 MHz,4513 MHz,88,153.70 W,100 %,0x0000000000000020
20261005T012348Z/mistral-7b-instruct-v0.1-q4_k_m-prefill-rep2,2026/10/04 20:27:20.961,1607 MHz,4513 MHz,89,111.15 W,100 %,0x0000000000000020
20261005T012348Z/mistral-7b-instruct-v0.1-q4_k_m-prefill-rep2,2026/10/04 20:27:21.078,1607 MHz,4513 MHz,88,116.36 W,97 %,0x0000000000000020
20261005T012348Z/mistral-7b-instruct-v0.1-q4_k_m-prefill-rep2,2026/10/04 20:27:21.181,1607 MHz,4513 MHz,88,106.78 W,100 %,0x0000000000000020
20261005T012348Z/mistral-7b-instruct-v0.1-q4_k_m-prefill-rep2,2026/10/04 20:27:21.293,1607 MHz,4513 MHz,87,102.87 W,100 %,0x0000000000000020
20261005T012348Z/mistral-7b-instruct-v0.1-q4_k_m-prefill-rep2,2026/10/04 20:27:21.395,1607 MHz,4513 MHz,87,101.56 W,100 %,0x0000000000000020
20261005T012348Z/mistral-7b-instruct-v0.1-q4_k_m-prefill-rep2,2026/10/04 20:27:21.497,1607 MHz,4513 MHz,87,152.90 W,100 %,0x0000000000000020
20261005T012348Z/mistral-7b-instruct-v0.1-q4_k_m-prefill-rep2,2026/10/04 20:27:21.602,1607 MHz,4513 MHz,89,110.81 W,100 %,0x0000000000000020
20261005T012348Z/mistral-7b-instruct-v0.1-q4_k_m-prefill-rep2,2026/10/04 20:27:21.714,1607 MHz,4513 MHz,88,116.44 W,97 %,0x0000000000000020
20261005T012348Z/mistral-7b-instruct-v0.1-q4_k_m-prefill-rep2,2026/10/04 20:27:21.816,1607 MHz,4513 MHz,88,105.98 W,100 %,0x0000000000000020
20261005T012348Z/mistral-7b-instruct-v0.1-q4_k_m-prefill-rep2,2026/10/04 20:27:21.919,1607 MHz,4513 MHz,87,102.09 W,100 %,0x0000000000000020
20261005T012348Z/mistral-7b-instruct-v0.1-q4_k_m-prefill-rep2,2026/10/04 20:27:22.021,1607 MHz,4513 MHz,87,101.84 W,100 %,0x0000000000000020
20261005T012348Z/mistral-7b-instruct-v0.1-q4_k_m-prefill-rep2,2026/10/04 20:27:22.123,1607 MHz,4513 MHz,87,134.38 W,100 %,0x0000000000000020
20261005T012348Z/mistral-7b-instruct-v0.1-q4_k_m-prefill-rep2,2026/10/04 20:27:22.238,1607 MHz,4513 MHz,89,112.38 W,100 %,0x0000000000000020
20261005T012348Z/mistral-7b-instruct-v0.1-q4_k_m-prefill-rep2,2026/10/04 20:27:22.340,1657 MHz,4513 MHz,89,122.03 W,97 %,0x0000000000000000
20261005T012348Z/mistral-7b-instruct-v0.1-q4_k_m-prefill-rep2,2026/10/04 20:27:22.442,1607 MHz,4513 MHz,88,112.65 W,97 %,0x0000000000000020
20261005T012348Z/mistral-7b-instruct-v0.1-q4_k_m-prefill-rep2,2026/10/04 20:27:22.544,1607 MHz,4513 MHz,88,103.64 W,100 %,0x0000000000000000
20261005T012348Z/mistral-7b-instruct-v0.1-q4_k_m-prefill-rep2,2026/10/04 20:27:22.654,1607 MHz,4513 MHz,87,100.68 W,100 %,0x0000000000000020
20261005T012348Z/mistral-7b-instruct-v0.1-q4_k_m-prefill-rep2,2026/10/04 20:27:22.758,1607 MHz,4513 MHz,87,100.64 W,100 %,0x0000000000000020
20261005T012348Z/mistral-7b-instruct-v0.1-q4_k_m-prefill-rep2,2026/10/04 20:27:22.861,1607 MHz,4513 MHz,89,150.56 W,100 %,0x0000000000000020
20261005T012348Z/mistral-7b-instruct-v0.1-q4_k_m-prefill-rep2,2026/10/04 20:27:22.963,1607 MHz,4513 MHz,89,111.15 W,100 %,0x0000000000000000
20261005T012348Z/mistral-7b-instruct-v0.1-q4_k_m-prefill-rep2,2026/10/04 20:27:23.065,1607 MHz,4513 MHz,88,117.02 W,97 %,0x0000000000000020
20261005T012348Z/mistral-7b-instruct-v0.1-q4_k_m-prefill-rep2,2026/10/04 20:27:23.167,1607 MHz,4513 MHz,88,106.06 W,100 %,0x0000000000000020
20261005T012348Z/mistral-7b-instruct-v0.1-q4_k_m-prefill-rep2,2026/10/04 20:27:23.277,1607 MHz,4513 MHz,87,101.96 W,100 %,0x0000000000000020
20261005T012348Z/mistral-7b-instruct-v0.1-q4_k_m-prefill-rep2,2026/10/04 20:27:23.380,1607 MHz,4513 MHz,87,101.41 W,100 %,0x0000000000000020
20261005T012348Z/mistral-7b-instruct-v0.1-q4_k_m-prefill-rep2,2026/10/04 20:27:23.483,1607 MHz,4513 MHz,88,152.35 W,100 %,0x0000000000000020
20261005T012348Z/mistral-7b-instruct-v0.1-q4_k_m-prefill-rep2,2026/10/04 20:27:23.588,1607 MHz,4513 MHz,89,111.13 W,100 %,0x0000000000000020
20261005T012348Z/mistral-7b-instruct-v0.1-q4_k_m-prefill-rep2,2026/10/04 20:27:23.705,1607 MHz,4513 MHz,88,112.90 W,97 %,0x0000000000000020
20261005T012348Z/mistral-7b-instruct-v0.1-q4_k_m-prefill-rep2,2026/10/04 20:27:23.808,1607 MHz,4513 MHz,88,112.46 W,97 %,0x0000000000000020
20261005T012348Z/mistral-7b-instruct-v0.1-q4_k_m-prefill-rep2,2026/10/04 20:27:23.910,1607 MHz,4513 MHz,88,103.01 W,100 %,0x0000000000000020
20261005T012348Z/mistral-7b-instruct-v0.1-q4_k_m-prefill-rep2,2026/10/04 20:27:24.020,1607 MHz,4513 MHz,87,101.41 W,100 %,0x0000000000000020
20261005T012348Z/mistral-7b-instruct-v0.1-q4_k_m-prefill-rep2,2026/10/04 20:27:24.122,1607 MHz,4513 MHz,88,151.11 W,100 %,0x0000000000000020
20261005T012348Z/mistral-7b-instruct-v0.1-q4_k_m-prefill-rep2,2026/10/04 20:27:24.229,1607 MHz,4513 MHz,89,115.81 W,100 %,0x0000000000000020
20261005T012348Z/mistral-7b-instruct-v0.1-q4_k_m-prefill-rep2,2026/10/04 20:27:24.390,1607 MHz,4513 MHz,88,118.95 W,97 %,0x0000000000000020
20261005T012348Z/mistral-7b-instruct-v0.1-q4_k_m-prefill-rep2,2026/10/04 20:27:24.492,1607 MHz,4513 MHz,88,106.30 W,97 %,0x0000000000000020
20261005T012348Z/mistral-7b-instruct-v0.1-q4_k_m-prefill-rep2,2026/10/04 20:27:24.594,1607 MHz,4513 MHz,88,104.11 W,100 %,0x0000000000000020
20261005T012348Z/mistral-7b-instruct-v0.1-q4_k_m-prefill-rep2,2026/10/04 20:27:24.696,1607 MHz,4513 MHz,87,102.44 W,100 %,0x0000000000000020
20261005T012348Z/mistral-7b-instruct-v0.1-q4_k_m-prefill-rep2,2026/10/04 20:27:24.808,1607 MHz,4513 MHz,89,158.65 W,100 %,0x0000000000000020
20261005T012348Z/mistral-7b-instruct-v0.1-q4_k_m-prefill-rep2,2026/10/04 20:27:24.918,1607 MHz,4513 MHz,90,114.56 W,98 %,0x0000000000000020
20261005T012348Z/mistral-7b-instruct-v0.1-q4_k_m-prefill-rep2,2026/10/04 20:27:25.029,1607 MHz,4513 MHz,89,119.34 W,99 %,0x0000000000000020
20261005T012348Z/mistral-7b-instruct-v0.1-q4_k_m-prefill-rep2,2026/10/04 20:27:25.131,1607 MHz,4513 MHz,88,108.90 W,99 %,0x0000000000000020
20261005T012348Z/mistral-7b-instruct-v0.1-q4_k_m-prefill-rep2,2026/10/04 20:27:25.233,1607 MHz,4513 MHz,88,104.89 W,100 %,0x0000000000000020
20261005T012348Z/mistral-7b-instruct-v0.1-q4_k_m-prefill-rep2,2026/10/04 20:27:25.336,1607 MHz,4513 MHz,88,103.50 W,100 %,0x0000000000000020
20261005T012348Z/mistral-7b-instruct-v0.1-q4_k_m-prefill-rep2,2026/10/04 20:27:25.436,1607 MHz,4513 MHz,88,157.79 W,100 %,0x0000000000000020
20261005T012348Z/mistral-7b-instruct-v0.1-q4_k_m-prefill-rep2,2026/10/04 20:27:25.540,1607 MHz,4513 MHz,90,114.27 W,97 %,0x0000000000000000
20261005T012348Z/mistral-7b-instruct-v0.1-q4_k_m-prefill-rep2,2026/10/04 20:27:25.649,1607 MHz,4513 MHz,89,119.79 W,97 %,0x0000000000000000
20261005T012348Z/mistral-7b-instruct-v0.1-q4_k_m-prefill-rep2,2026/10/04 20:27:25.752,1607 MHz,4513 MHz,89,111.31 W,100 %,0x0000000000000020
20261005T012348Z/mistral-7b-instruct-v0.1-q4_k_m-prefill-rep2,2026/10/04 20:27:25.854,1607 MHz,4513 MHz,88,106.68 W,100 %,0x0000000000000020
20261005T012348Z/mistral-7b-instruct-v0.1-q4_k_m-prefill-rep2,2026/10/04 20:27:25.956,1607 MHz,4513 MHz,88,102.76 W,100 %,0x0000000000000020
20261005T012348Z/mistral-7b-instruct-v0.1-q4_k_m-prefill-rep2,2026/10/04 20:27:26.059,1607 MHz,4513 MHz,88,141.90 W,100 %,0x0000000000000020
20261005T012348Z/mistral-7b-instruct-v0.1-q4_k_m-prefill-rep2,2026/10/04 20:27:26.161,1607 MHz,4513 MHz,90,111.77 W,100 %,0x0000000000000000
20261005T012348Z/mistral-7b-instruct-v0.1-q4_k_m-prefill-rep2,2026/10/04 20:27:26.271,1645 MHz,4513 MHz,89,123.61 W,97 %,0x0000000000000000
20261005T012348Z/mistral-7b-instruct-v0.1-q4_k_m-prefill-rep2,2026/10/04 20:27:26.373,1607 MHz,4513 MHz,89,117.76 W,100 %,0x0000000000000020
20261005T012348Z/mistral-7b-instruct-v0.1-q4_k_m-prefill-rep2,2026/10/04 20:27:26.475,1607 MHz,4513 MHz,88,103.98 W,100 %,0x0000000000000000
20261005T012348Z/mistral-7b-instruct-v0.1-q4_k_m-prefill-rep2,2026/10/04 20:27:26.578,1607 MHz,4513 MHz,88,103.74 W,100 %,0x0000000000000020
20261005T012348Z/mistral-7b-instruct-v0.1-q4_k_m-prefill-rep2,2026/10/04 20:27:26.680,1607 MHz,4513 MHz,88,102.44 W,100 %,0x0000000000000020
20261005T012348Z/mistral-7b-instruct-v0.1-q4_k_m-prefill-rep2,2026/10/04 20:27:26.782,1607 MHz,4513 MHz,90,101.88 W,100 %,0x0000000000000020
20261005T012348Z/mistral-7b-instruct-v0.1-q4_k_m-prefill-rep3,2026/10/04 20:28:48.131,1607 MHz,4513 MHz,88,101.28 W,0 %,0x0000000000000020
20261005T012348Z/mistral-7b-instruct-v0.1-q4_k_m-prefill-rep3,2026/10/04 20:28:48.252,1607 MHz,4513 MHz,89,118.76 W,0 %,0x0000000000000020
20261005T012348Z/mistral-7b-instruct-v0.1-q4_k_m-prefill-rep3,2026/10/04 20:28:48.363,1607 MHz,4513 MHz,90,117.47 W,96 %,0x0000000000000020
20261005T012348Z/mistral-7b-instruct-v0.1-q4_k_m-prefill-rep3,2026/10/04 20:28:48.465,1607 MHz,4513 MHz,90,109.58 W,100 %,0x0000000000000020
20261005T012348Z/mistral-7b-instruct-v0.1-q4_k_m-prefill-rep3,2026/10/04 20:28:48.568,1607 MHz,4513 MHz,90,105.13 W,100 %,0x0000000000000020
20261005T012348Z/mistral-7b-instruct-v0.1-q4_k_m-prefill-rep3,2026/10/04 20:28:48.670,1607 MHz,4513 MHz,90,104.17 W,100 %,0x0000000000000020
20261005T012348Z/mistral-7b-instruct-v0.1-q4_k_m-prefill-rep3,2026/10/04 20:28:48.772,1607 MHz,4513 MHz,91,162.25 W,100 %,0x0000000000000020
20261005T012348Z/mistral-7b-instruct-v0.1-q4_k_m-prefill-rep3,2026/10/04 20:28:48.874,1607 MHz,4513 MHz,92,119.24 W,97 %,0x0000000000000020
20261005T012348Z/mistral-7b-instruct-v0.1-q4_k_m-prefill-rep3,2026/10/04 20:28:48.984,1607 MHz,4513 MHz,91,118.58 W,100 %,0x0000000000000020
20261005T012348Z/mistral-7b-instruct-v0.1-q4_k_m-prefill-rep3,2026/10/04 20:28:49.087,1607 MHz,4513 MHz,91,110.15 W,100 %,0x0000000000000020
20261005T012348Z/mistral-7b-instruct-v0.1-q4_k_m-prefill-rep3,2026/10/04 20:28:49.189,1607 MHz,4513 MHz,91,104.95 W,100 %,0x0000000000000020
20261005T012348Z/mistral-7b-instruct-v0.1-q4_k_m-prefill-rep3,2026/10/04 20:28:49.291,1607 MHz,4513 MHz,91,105.23 W,100 %,0x0000000000000020
20261005T012348Z/mistral-7b-instruct-v0.1-q4_k_m-prefill-rep3,2026/10/04 20:28:49.393,1607 MHz,4513 MHz,91,161.17 W,100 %,0x0000000000000020
20261005T012348Z/mistral-7b-instruct-v0.1-q4_k_m-prefill-rep3,2026/10/04 20:28:49.515,1620 MHz,4513 MHz,92,116.00 W,97 %,0x0000000000000000
20261005T012348Z/mistral-7b-instruct-v0.1-q4_k_m-prefill-rep3,2026/10/04 20:28:49.623,1620 MHz,4513 MHz,92,121.84 W,97 %,0x0000000000000000
20261005T012348Z/mistral-7b-instruct-v0.1-q4_k_m-prefill-rep3,2026/10/04 20:28:49.726,1607 MHz,4513 MHz,92,110.01 W,100 %,0x0000000000000020
20261005T012348Z/mistral-7b-instruct-v0.1-q4_k_m-prefill-rep3,2026/10/04 20:28:49.828,1607 MHz,4513 MHz,91,106.11 W,100 %,0x0000000000000020
20261005T012348Z/mistral-7b-instruct-v0.1-q4_k_m-prefill-rep3,2026/10/04 20:28:49.930,1607 MHz,4513 MHz,91,105.29 W,100 %,0x0000000000000020
20261005T012348Z/mistral-7b-instruct-v0.1-q4_k_m-prefill-rep3,2026/10/04 20:28:50.033,1607 MHz,4513 MHz,90,126.18 W,100 %,0x0000000000000020
20261005T012348Z/mistral-7b-instruct-v0.1-q4_k_m-prefill-rep3,2026/10/04 20:28:50.135,1607 MHz,4513 MHz,93,129.79 W,100 %,0x0000000000000020
20261005T012348Z/mistral-7b-instruct-v0.1-q4_k_m-prefill-rep3,2026/10/04 20:28:50.237,1607 MHz,4513 MHz,92,122.12 W,97 %,0x0000000000000020
20261005T012348Z/mistral-7b-instruct-v0.1-q4_k_m-prefill-rep3,2026/10/04 20:28:50.349,1607 MHz,4513 MHz,92,116.42 W,100 %,0x0000000000000020
20261005T012348Z/mistral-7b-instruct-v0.1-q4_k_m-prefill-rep3,2026/10/04 20:28:50.451,1607 MHz,4513 MHz,91,107.74 W,100 %,0x0000000000000020
20261005T012348Z/mistral-7b-instruct-v0.1-q4_k_m-prefill-rep3,2026/10/04 20:28:50.553,1607 MHz,4513 MHz,91,106.35 W,100 %,0x0000000000000020
20261005T012348Z/mistral-7b-instruct-v0.1-q4_k_m-prefill-rep3,2026/10/04 20:28:50.654,1607 MHz,4513 MHz,90,104.84 W,100 %,0x0000000000000020
20261005T012348Z/mistral-7b-instruct-v0.1-q4_k_m-prefill-rep3,2026/10/04 20:28:50.757,1607 MHz,4513 MHz,91,157.50 W,100 %,0x0000000000000020
20261005T012348Z/mistral-7b-instruct-v0.1-q4_k_m-prefill-rep3,2026/10/04 20:28:50.859,1607 MHz,4513 MHz,93,119.13 W,97 %,0x0000000000000020
20261005T012348Z/mistral-7b-instruct-v0.1-q4_k_m-prefill-rep3,2026/10/04 20:28:50.976,1607 MHz,4513 MHz,92,121.90 W,100 %,0x0000000000000020
20261005T012348Z/mistral-7b-instruct-v0.1-q4_k_m-prefill-rep3,2026/10/04 20:28:51.079,1607 MHz,4513 MHz,92,110.15 W,100 %,0x0000000000000020
20261005T012348Z/mistral-7b-instruct-v0.1-q4_k_m-prefill-rep3,2026/10/04 20:28:51.190,1607 MHz,4513 MHz,91,105.53 W,100 %,0x0000000000000020
20261005T012348Z/mistral-7b-instruct-v0.1-q4_k_m-prefill-rep3,2026/10/04 20:28:51.292,1607 MHz,4513 MHz,91,104.56 W,100 %,0x0000000000000020
20261005T012348Z/mistral-7b-instruct-v0.1-q4_k_m-prefill-rep3,2026/10/04 20:28:51.394,1607 MHz,4513 MHz,92,156.83 W,100 %,0x0000000000000020
20261005T012348Z/mistral-7b-instruct-v0.1-q4_k_m-prefill-rep3,2026/10/04 20:28:51.501,1607 MHz,4513 MHz,93,119.82 W,97 %,0x0000000000000020
20261005T012348Z/mistral-7b-instruct-v0.1-q4_k_m-prefill-rep3,2026/10/04 20:28:51.612,1607 MHz,4513 MHz,92,121.42 W,97 %,0x0000000000000020
20261005T012348Z/mistral-7b-instruct-v0.1-q4_k_m-prefill-rep3,2026/10/04 20:28:51.715,1607 MHz,4513 MHz,92,110.73 W,100 %,0x0000000000000020
20261005T012348Z/mistral-7b-instruct-v0.1-q4_k_m-prefill-rep3,2026/10/04 20:28:51.817,1607 MHz,4513 MHz,91,106.83 W,100 %,0x0000000000000020
20261005T012348Z/mistral-7b-instruct-v0.1-q4_k_m-prefill-rep3,2026/10/04 20:28:51.919,1607 MHz,4513 MHz,91,105.47 W,100 %,0x0000000000000020
20261005T012348Z/mistral-7b-instruct-v0.1-q4_k_m-prefill-rep3,2026/10/04 20:28:52.022,1607 MHz,4513 MHz,92,152.76 W,100 %,0x0000000000000020
20261005T012348Z/mistral-7b-instruct-v0.1-q4_k_m-prefill-rep3,2026/10/04 20:28:52.142,1607 MHz,4513 MHz,93,117.16 W,97 %,0x0000000000000020
20261005T012348Z/mistral-7b-instruct-v0.1-q4_k_m-prefill-rep3,2026/10/04 20:28:52.252,1607 MHz,4513 MHz,92,119.64 W,97 %,0x0000000000000020
20261005T012348Z/mistral-7b-instruct-v0.1-q4_k_m-prefill-rep3,2026/10/04 20:28:52.355,1607 MHz,4513 MHz,92,109.58 W,100 %,0x0000000000000020
20261005T012348Z/mistral-7b-instruct-v0.1-q4_k_m-prefill-rep3,2026/10/04 20:28:52.457,1607 MHz,4513 MHz,91,106.25 W,100 %,0x0000000000000020
20261005T012348Z/mistral-7b-instruct-v0.1-q4_k_m-prefill-rep3,2026/10/04 20:28:52.559,1607 MHz,4513 MHz,91,104.51 W,100 %,0x0000000000000020
20261005T012348Z/mistral-7b-instruct-v0.1-q4_k_m-prefill-rep3,2026/10/04 20:28:52.661,1607 MHz,4513 MHz,91,156.54 W,100 %,0x0000000000000020
20261005T012348Z/mistral-7b-instruct-v0.1-q4_k_m-prefill-rep3,2026/10/04 20:28:52.764,1607 MHz,4513 MHz,93,114.93 W,100 %,0x0000000000000000
20261005T012348Z/mistral-7b-instruct-v0.1-q4_k_m-prefill-rep3,2026/10/04 20:28:52.872,1708 MHz,4513 MHz,93,138.22 W,97 %,0x0000000000000000
20261005T012348Z/mistral-7b-instruct-v0.1-q4_k_m-prefill-rep3,2026/10/04 20:28:52.974,1607 MHz,4513 MHz,92,115.07 W,97 %,0x0000000000000020
20261005T012348Z/mistral-7b-instruct-v0.1-q4_k_m-prefill-rep3,2026/10/04 20:28:53.076,1607 MHz,4513 MHz,92,107.40 W,100 %,0x0000000000000000
20261005T012348Z/mistral-7b-instruct-v0.1-q4_k_m-prefill-rep3,2026/10/04 20:28:53.178,1607 MHz,4513 MHz,91,106.01 W,100 %,0x0000000000000020
20261005T012348Z/mistral-7b-instruct-v0.1-q4_k_m-prefill-rep3,2026/10/04 20:28:53.281,1607 MHz,4513 MHz,91,109.53 W,100 %,0x0000000000000020
20261005T012348Z/mistral-7b-instruct-v0.1-q4_k_m-prefill-rep3,2026/10/04 20:28:53.383,1607 MHz,4513 MHz,93,133.94 W,100 %,0x0000000000000020
20261005T012348Z/mistral-7b-instruct-v0.1-q4_k_m-prefill-rep3,2026/10/04 20:28:53.485,1607 MHz,4513 MHz,93,121.64 W,97 %,0x0000000000000020
20261005T012348Z/mistral-7b-instruct-v0.1-q4_k_m-prefill-rep3,2026/10/04 20:28:53.596,1607 MHz,4513 MHz,92,118.29 W,97 %,0x0000000000000020
20261005T012348Z/mistral-7b-instruct-v0.1-q4_k_m-prefill-rep3,2026/10/04 20:28:53.699,1607 MHz,4513 MHz,92,108.66 W,100 %,0x0000000000000020
20261005T012348Z/mistral-7b-instruct-v0.1-q4_k_m-prefill-rep3,2026/10/04 20:28:53.801,1607 MHz,4513 MHz,91,106.83 W,100 %,0x0000000000000020
20261005T012348Z/mistral-7b-instruct-v0.1-q4_k_m-prefill-rep3,2026/10/04 20:28:53.903,1607 MHz,4513 MHz,91,105.56 W,100 %,0x0000000000000020
20261005T012348Z/mistral-7b-instruct-v0.1-q4_k_m-prefill-rep3,2026/10/04 20:28:54.005,1607 MHz,4513 MHz,93,158.41 W,100 %,0x0000000000000020
20261005T012348Z/mistral-7b-instruct-v0.1-q4_k_m-prefill-rep3,2026/10/04 20:28:54.107,1607 MHz,4513 MHz,93,119.70 W,100 %,0x0000000000000020
20261005T012348Z/mistral-7b-instruct-v0.1-q4_k_m-prefill-rep3,2026/10/04 20:28:54.223,1607 MHz,4513 MHz,92,121.52 W,97 %,0x0000000000000020
20261005T012348Z/mistral-7b-instruct-v0.1-q4_k_m-prefill-rep3,2026/10/04 20:28:54.325,1607 MHz,4513 MHz,92,108.22 W,100 %,0x0000000000000020
20261005T012348Z/mistral-7b-instruct-v0.1-q4_k_m-prefill-rep3,2026/10/04 20:28:54.428,1607 MHz,4513 MHz,91,105.90 W,100 %,0x0000000000000020
20261005T012348Z/mistral-7b-instruct-v0.1-q4_k_m-prefill-rep3,2026/10/04 20:28:54.538,1607 MHz,4513 MHz,91,105.56 W,100 %,0x0000000000000020
20261005T012348Z/mistral-7b-instruct-v0.1-q4_k_m-prefill-rep3,2026/10/04 20:28:54.641,1607 MHz,4513 MHz,92,118.21 W,100 %,0x0000000000000020
20261005T012348Z/mistral-7b-instruct-v0.1-q4_k_m-prefill-rep3,2026/10/04 20:28:54.769,1607 MHz,4513 MHz,93,120.68 W,100 %,0x0000000000000020
20261005T012348Z/mistral-7b-instruct-v0.1-q4_k_m-prefill-rep3,2026/10/04 20:28:54.880,1607 MHz,4513 MHz,92,119.25 W,97 %,0x0000000000000020
20261005T012348Z/mistral-7b-instruct-v0.1-q4_k_m-prefill-rep3,2026/10/04 20:28:54.983,1607 MHz,4513 MHz,92,110.92 W,97 %,0x0000000000000020
20261005T012348Z/mistral-7b-instruct-v0.1-q4_k_m-prefill-rep3,2026/10/04 20:28:55.085,1607 MHz,4513 MHz,91,106.59 W,100 %,0x0000000000000020
20261005T012348Z/mistral-7b-instruct-v0.1-q4_k_m-prefill-rep3,2026/10/04 20:28:55.187,1607 MHz,4513 MHz,91,105.90 W,100 %,0x0000000000000020
20261005T012348Z/mistral-7b-instruct-v0.1-q4_k_m-prefill-rep3,2026/10/04 20:28:55.289,1607 MHz,4513 MHz,92,158.46 W,100 %,0x0000000000000020
20261005T012348Z/mistral-7b-instruct-v0.1-q4_k_m-prefill-rep3,2026/10/04 20:28:55.409,1607 MHz,4513 MHz,93,119.13 W,97 %,0x0000000000000020
20261005T012348Z/mistral-7b-instruct-v0.1-q4_k_m-prefill-rep3,2026/10/04 20:28:55.512,1607 MHz,4513 MHz,92,120.31 W,100 %,0x0000000000000020
20261005T012348Z/mistral-7b-instruct-v0.1-q4_k_m-prefill-rep3,2026/10/04 20:28:55.621,1607 MHz,4513 MHz,92,108.70 W,100 %,0x0000000000000020
20261005T012348Z/mistral-7b-instruct-v0.1-q4_k_m-prefill-rep3,2026/10/04 20:28:55.723,1607 MHz,4513 MHz,91,107.21 W,100 %,0x0000000000000020
20261005T012348Z/mistral-7b-instruct-v0.1-q4_k_m-prefill-rep3,2026/10/04 20:28:55.826,1607 MHz,4513 MHz,91,105.23 W,100 %,0x0000000000000020
20261005T012348Z/mistral-7b-instruct-v0.1-q4_k_m-prefill-rep3,2026/10/04 20:28:55.928,1607 MHz,4513 MHz,92,160.69 W,100 %,0x0000000000000020
20261005T012348Z/mistral-7b-instruct-v0.1-q4_k_m-prefill-rep3,2026/10/04 20:28:56.031,1607 MHz,4513 MHz,93,116.94 W,96 %,0x0000000000000020
20261005T012348Z/mistral-7b-instruct-v0.1-q4_k_m-prefill-rep3,2026/10/04 20:28:56.143,1607 MHz,4513 MHz,93,122.39 W,96 %,0x0000000000000020
20261005T012348Z/mistral-7b-instruct-v0.1-q4_k_m-prefill-rep3,2026/10/04 20:28:56.245,1607 MHz,4513 MHz,92,112.75 W,100 %,0x0000000000000020
20261005T012348Z/mistral-7b-instruct-v0.1-q4_k_m-prefill-rep3,2026/10/04 20:28:56.348,1607 MHz,4513 MHz,92,107.55 W,100 %,0x0000000000000020
20261005T012348Z/mistral-7b-instruct-v0.1-q4_k_m-prefill-rep3,2026/10/04 20:28:56.450,1607 MHz,4513 MHz,91,106.08 W,100 %,0x0000000000000020
20261005T012348Z/mistral-7b-instruct-v0.1-q4_k_m-prefill-rep3,2026/10/04 20:28:56.552,1607 MHz,4513 MHz,91,158.54 W,100 %,0x0000000000000020
20261005T012348Z/mistral-7b-instruct-v0.1-q4_k_m-prefill-rep3,2026/10/04 20:28:56.672,1632 MHz,4513 MHz,94,115.84 W,97 %,0x0000000000000000
20261005T012348Z/mistral-7b-instruct-v0.1-q4_k_m-prefill-rep3,2026/10/04 20:28:56.782,1632 MHz,4513 MHz,93,123.92 W,97 %,0x0000000000000000
20261005T012348Z/mistral-7b-instruct-v0.1-q4_k_m-prefill-rep3,2026/10/04 20:28:56.884,1607 MHz,4513 MHz,92,114.88 W,100 %,0x0000000000000020
20261005T012348Z/mistral-7b-instruct-v0.1-q4_k_m-prefill-rep3,2026/10/04 20:28:56.986,1607 MHz,4513 MHz,92,106.35 W,100 %,0x0000000000000020
20261005T012348Z/mistral-7b-instruct-v0.1-q4_k_m-prefill-rep3,2026/10/04 20:28:57.089,1607 MHz,4513 MHz,91,105.47 W,100 %,0x0000000000000020
20261005T012348Z/mistral-7b-instruct-v0.1-q4_k_m-prefill-rep3,2026/10/04 20:28:57.191,1607 MHz,4513 MHz,91,122.33 W,100 %,0x0000000000000020
20261005T012348Z/mistral-7b-instruct-v0.1-q4_k_m-prefill-rep3,2026/10/04 20:28:57.293,1607 MHz,4513 MHz,93,126.85 W,100 %,0x0000000000000000
20261005T012348Z/mistral-7b-instruct-v0.1-q4_k_m-prefill-rep3,2026/10/04 20:28:57.396,1645 MHz,4513 MHz,93,126.31 W,97 %,0x0000000000000000
20261005T012348Z/mistral-7b-instruct-v0.1-q4_k_m-prefill-rep3,2026/10/04 20:28:57.505,1607 MHz,4513 MHz,92,116.90 W,100 %,0x0000000000000020
20261005T012348Z/mistral-7b-instruct-v0.1-q4_k_m-prefill-rep3,2026/10/04 20:28:57.607,1607 MHz,4513 MHz,92,108.62 W,100 %,0x0000000000000000
20261005T012348Z/mistral-7b-instruct-v0.1-q4_k_m-prefill-rep3,2026/10/04 20:28:57.710,1607 MHz,4513 MHz,92,106.49 W,100 %,0x0000000000000020
20261005T012348Z/mistral-7b-instruct-v0.1-q4_k_m-prefill-rep3,2026/10/04 20:28:57.812,1607 MHz,4513 MHz,91,104.89 W,100 %,0x0000000000000020
20261005T012348Z/mistral-7b-instruct-v0.1-q4_k_m-prefill-rep3,2026/10/04 20:28:57.914,1607 MHz,4513 MHz,92,156.39 W,100 %,0x0000000000000020
20261005T012348Z/mistral-7b-instruct-v0.1-q4_k_m-prefill-rep3,2026/10/04 20:28:58.017,1607 MHz,4513 MHz,93,119.53 W,97 %,0x0000000000000020
20261005T012348Z/mistral-7b-instruct-v0.1-q4_k_m-prefill-rep3,2026/10/04 20:28:58.119,1607 MHz,4513 MHz,93,121.14 W,97 %,0x0000000000000020
20261005T012348Z/mistral-7b-instruct-v0.1-q4_k_m-prefill-rep3,2026/10/04 20:28:58.229,1607 MHz,4513 MHz,92,110.39 W,100 %,0x0000000000000020
20261005T012348Z/mistral-7b-instruct-v0.1-q4_k_m-prefill-rep3,2026/10/04 20:28:58.331,1607 MHz,4513 MHz,92,108.13 W,100 %,0x0000000000000020
20261005T012348Z/mistral-7b-instruct-v0.1-q4_k_m-prefill-rep3,2026/10/04 20:28:58.433,1607 MHz,4513 MHz,91,106.29 W,100 %,0x0000000000000020
20261005T012348Z/mistral-7b-instruct-v0.1-q4_k_m-prefill-rep3,2026/10/04 20:28:58.535,1607 MHz,4513 MHz,92,161.49 W,100 %,0x0000000000000020
20261005T012348Z/mistral-7b-instruct-v0.1-q4_k_m-prefill-rep3,2026/10/04 20:28:58.639,1607 MHz,4513 MHz,94,118.17 W,100 %,0x0000000000000020
20261005T012348Z/mistral-7b-instruct-v0.1-q4_k_m-prefill-rep3,2026/10/04 20:28:58.757,1544 MHz,4513 MHz,92,110.26 W,97 %,0x0000000000000000
20261005T012348Z/mistral-7b-instruct-v0.1-q4_k_m-prefill-rep3,2026/10/04 20:28:58.860,1607 MHz,4513 MHz,92,112.13 W,100 %,0x0000000000000000
20261005T012348Z/mistral-7b-instruct-v0.1-q4_k_m-prefill-rep3,2026/10/04 20:28:58.962,1607 MHz,4513 MHz,92,108.13 W,100 %,0x0000000000000000
20261005T012348Z/mistral-7b-instruct-v0.1-q4_k_m-prefill-rep3,2026/10/04 20:28:59.074,1607 MHz,4513 MHz,91,105.47 W,100 %,0x0000000000000000
20261005T012348Z/mistral-7b-instruct-v0.1-q4_k_m-prefill-rep3,2026/10/04 20:28:59.176,1607 MHz,4513 MHz,92,153.36 W,100 %,0x0000000000000020
20261005T012348Z/mistral-7b-instruct-v0.1-q4_k_m-prefill-rep3,2026/10/04 20:28:59.288,1468 MHz,4513 MHz,93,91.30 W,100 %,0x0000000000000000
20261005T012348Z/mistral-7b-instruct-v0.1-q4_k_m-prefill-rep3,2026/10/04 20:28:59.399,1607 MHz,4513 MHz,92,120.59 W,97 %,0x0000000000000020
20261005T012348Z/mistral-7b-instruct-v0.1-q4_k_m-prefill-rep3,2026/10/04 20:28:59.501,1607 MHz,4513 MHz,92,114.40 W,97 %,0x0000000000000020
20261005T012348Z/mistral-7b-instruct-v0.1-q4_k_m-prefill-rep3,2026/10/04 20:28:59.604,1607 MHz,4513 MHz,92,106.68 W,100 %,0x0000000000000020
20261005T012348Z/mistral-7b-instruct-v0.1-q4_k_m-prefill-rep3,2026/10/04 20:28:59.715,1607 MHz,4513 MHz,92,106.25 W,100 %,0x0000000000000020
20261005T012348Z/mistral-7b-instruct-v0.1-q4_k_m-prefill-rep3,2026/10/04 20:28:59.817,1607 MHz,4513 MHz,91,105.28 W,100 %,0x0000000000000020
20261005T012348Z/mistral-7b-instruct-v0.1-q4_k_m-prefill-rep3,2026/10/04 20:28:59.920,1556 MHz,4513 MHz,93,121.02 W,100 %,0x0000000000000000
20261005T012348Z/mistral-7b-instruct-v0.1-q4_k_m-prefill-rep3,2026/10/04 20:29:00.023,1670 MHz,4513 MHz,93,122.17 W,97 %,0x0000000000000020
20261005T012348Z/mistral-7b-instruct-v0.1-q4_k_m-prefill-rep3,2026/10/04 20:29:00.125,1607 MHz,4513 MHz,93,119.97 W,97 %,0x0000000000000020
20261005T012348Z/mistral-7b-instruct-v0.1-q4_k_m-prefill-rep3,2026/10/04 20:29:00.237,1607 MHz,4513 MHz,92,108.70 W,100 %,0x0000000000000000
20261005T012348Z/mistral-7b-instruct-v0.1-q4_k_m-prefill-rep3,2026/10/04 20:29:00.339,1607 MHz,4513 MHz,92,105.81 W,100 %,0x0000000000000020
20261005T012348Z/mistral-7b-instruct-v0.1-q4_k_m-prefill-rep3,2026/10/04 20:29:00.441,1607 MHz,4513 MHz,91,106.25 W,100 %,0x0000000000000020
20261005T012348Z/mistral-7b-instruct-v0.1-q4_k_m-prefill-rep3,2026/10/04 20:29:00.543,1582 MHz,4513 MHz,92,155.58 W,100 %,0x0000000000000020
20261005T012348Z/mistral-7b-instruct-v0.1-q4_k_m-prefill-rep3,2026/10/04 20:29:00.654,1607 MHz,4513 MHz,93,119.27 W,100 %,0x0000000000000020
20261005T012348Z/mistral-7b-instruct-v0.1-q4_k_m-prefill-rep3,2026/10/04 20:29:00.761,1607 MHz,4513 MHz,93,122.34 W,97 %,0x0000000000000020
20261005T012348Z/mistral-7b-instruct-v0.1-q4_k_m-prefill-rep3,2026/10/04 20:29:00.863,1607 MHz,4513 MHz,92,110.25 W,100 %,0x0000000000000020
20261005T012348Z/mistral-7b-instruct-v0.1-q4_k_m-prefill-rep3,2026/10/04 20:29:00.965,1607 MHz,4513 MHz,92,107.16 W,100 %,0x0000000000000020
20261005T012348Z/mistral-7b-instruct-v0.1-q4_k_m-prefill-rep3,2026/10/04 20:29:01.068,1607 MHz,4513 MHz,92,105.32 W,100 %,0x0000000000000020
20261005T012348Z/mistral-7b-instruct-v0.1-q4_k_m-prefill-rep3,2026/10/04 20:29:01.170,1607 MHz,4513 MHz,92,160.55 W,100 %,0x0000000000000020
20261005T012348Z/mistral-7b-instruct-v0.1-q4_k_m-prefill-rep3,2026/10/04 20:29:01.273,1607 MHz,4513 MHz,93,117.68 W,100 %,0x0000000000000020
20261005T012348Z/mistral-7b-instruct-v0.1-q4_k_m-prefill-rep3,2026/10/04 20:29:01.389,1607 MHz,4513 MHz,93,120.61 W,97 %,0x0000000000000020
20261005T012348Z/mistral-7b-instruct-v0.1-q4_k_m-prefill-rep3,2026/10/04 20:29:01.491,1607 MHz,4513 MHz,92,109.58 W,97 %,0x0000000000000020
20261005T012348Z/mistral-7b-instruct-v0.1-q4_k_m-prefill-rep3,2026/10/04 20:29:01.601,1607 MHz,4513 MHz,92,107.84 W,100 %,0x0000000000000020
20261005T012348Z/mistral-7b-instruct-v0.1-q4_k_m-prefill-rep3,2026/10/04 20:29:01.703,1607 MHz,4513 MHz,92,107.21 W,100 %,0x0000000000000020
20261005T012348Z/mistral-7b-instruct-v0.1-q4_k_m-prefill-rep3,2026/10/04 20:29:01.806,1607 MHz,4513 MHz,91,154.05 W,100 %,0x0000000000000020
20261005T012348Z/mistral-7b-instruct-v0.1-q4_k_m-prefill-rep3,2026/10/04 20:29:01.911,1607 MHz,4513 MHz,94,114.11 W,100 %,0x0000000000000020
20261005T012348Z/mistral-7b-instruct-v0.1-q4_k_m-prefill-rep3,2026/10/04 20:29:02.013,1518 MHz,4513 MHz,93,107.45 W,100 %,0x0000000000000000
20261005T012348Z/mistral-7b-instruct-v0.1-q4_k_m-prefill-rep3,2026/10/04 20:29:02.116,1582 MHz,4513 MHz,92,107.36 W,97 %,0x0000000000000000
20261005T012348Z/mistral-7b-instruct-v0.1-q4_k_m-prefill-rep3,2026/10/04 20:29:02.231,1607 MHz,4513 MHz,92,107.89 W,100 %,0x0000000000000000
20261005T012348Z/mistral-7b-instruct-v0.1-q4_k_m-prefill-rep3,2026/10/04 20:29:02.334,1607 MHz,4513 MHz,92,106.04 W,100 %,0x0000000000000000
20261005T012348Z/mistral-7b-instruct-v0.1-q4_k_m-prefill-rep3,2026/10/04 20:29:02.436,1607 MHz,4513 MHz,91,113.63 W,100 %,0x0000000000000000
20261005T012348Z/mistral-7b-instruct-v0.1-q4_k_m-prefill-rep3,2026/10/04 20:29:02.548,1354 MHz,4513 MHz,93,106.72 W,99 %,0x0000000000000020
20261005T012348Z/mistral-7b-instruct-v0.1-q4_k_m-prefill-rep3,2026/10/04 20:29:02.651,1607 MHz,4513 MHz,92,118.12 W,99 %,0x0000000000000020
20261005T012348Z/mistral-7b-instruct-v0.1-q4_k_m-prefill-rep3,2026/10/04 20:29:02.753,1607 MHz,4513 MHz,92,121.04 W,97 %,0x0000000000000020
20261005T012348Z/mistral-7b-instruct-v0.1-q4_k_m-prefill-rep3,2026/10/04 20:29:02.855,1607 MHz,4513 MHz,92,112.46 W,97 %,0x0000000000000020
20261005T012348Z/mistral-7b-instruct-v0.1-q4_k_m-prefill-rep3,2026/10/04 20:29:02.957,1607 MHz,4513 MHz,92,106.25 W,100 %,0x0000000000000020
20261005T012348Z/mistral-7b-instruct-v0.1-q4_k_m-prefill-rep3,2026/10/04 20:29:03.060,1607 MHz,4513 MHz,91,105.32 W,100 %,0x0000000000000020
20261005T012348Z/mistral-7b-instruct-v0.1-q4_k_m-prefill-rep3,2026/10/04 20:29:03.172,1493 MHz,4513 MHz,93,141.28 W,100 %,0x0000000000000020
20261005T012348Z/mistral-7b-instruct-v0.1-q4_k_m-prefill-rep3,2026/10/04 20:29:03.274,1607 MHz,4513 MHz,93,117.83 W,97 %,0x0000000000000000
20261005T012348Z/mistral-7b-instruct-v0.1-q4_k_m-prefill-rep3,2026/10/04 20:29:03.377,1607 MHz,4513 MHz,93,124.50 W,100 %,0x0000000000000020
20261005T012348Z/mistral-7b-instruct-v0.1-q4_k_m-prefill-rep3,2026/10/04 20:29:03.481,1607 MHz,4513 MHz,92,119.93 W,100 %,0x0000000000000020
20261005T012348Z/mistral-7b-instruct-v0.1-q4_k_m-prefill-rep3,2026/10/04 20:29:03.583,1607 MHz,4513 MHz,92,107.74 W,100 %,0x0000000000000020
20261005T012348Z/mistral-7b-instruct-v0.1-q4_k_m-prefill-rep3,2026/10/04 20:29:03.695,1607 MHz,4513 MHz,92,105.56 W,100 %,0x0000000000000020
20261005T012348Z/mistral-7b-instruct-v0.1-q4_k_m-prefill-rep3,2026/10/04 20:29:03.797,1582 MHz,4513 MHz,93,143.29 W,100 %,0x0000000000000020
20261005T012348Z/mistral-7b-instruct-v0.1-q4_k_m-prefill-rep3,2026/10/04 20:29:03.899,1632 MHz,4513 MHz,94,114.64 W,97 %,0x0000000000000000
20261005T012348Z/mistral-7b-instruct-v0.1-q4_k_m-prefill-rep3,2026/10/04 20:29:04.002,1607 MHz,4513 MHz,93,121.40 W,97 %,0x0000000000000020
20261005T012348Z/mistral-7b-instruct-v0.1-q4_k_m-prefill-rep3,2026/10/04 20:29:04.104,1607 MHz,4513 MHz,93,109.91 W,100 %,0x0000000000000020
20261005T012348Z/mistral-7b-instruct-v0.1-q4_k_m-prefill-rep3,2026/10/04 20:29:04.213,1607 MHz,4513 MHz,92,107.55 W,100 %,0x0000000000000020
20261005T012348Z/mistral-7b-instruct-v0.1-q4_k_m-prefill-rep3,2026/10/04 20:29:04.316,1607 MHz,4513 MHz,92,104.75 W,100 %,0x0000000000000020
20261005T012348Z/mistral-7b-instruct-v0.1-q4_k_m-prefill-rep3,2026/10/04 20:29:04.418,1607 MHz,4513 MHz,92,143.93 W,100 %,0x0000000000000020
20261005T012348Z/mistral-7b-instruct-v0.1-q4_k_m-prefill-rep3,2026/10/04 20:29:04.520,1594 MHz,4513 MHz,94,114.20 W,100 %,0x0000000000000020
20261005T012348Z/mistral-7b-instruct-v0.1-q4_k_m-prefill-rep3,2026/10/04 20:29:04.623,1607 MHz,4513 MHz,93,121.69 W,97 %,0x0000000000000020
20261005T012348Z/mistral-7b-instruct-v0.1-q4_k_m-prefill-rep3,2026/10/04 20:29:04.725,1607 MHz,4513 MHz,93,120.46 W,100 %,0x0000000000000020
20261005T012348Z/mistral-7b-instruct-v0.1-q4_k_m-prefill-rep3,2026/10/04 20:29:04.836,1607 MHz,4513 MHz,92,107.40 W,100 %,0x0000000000000020
20261005T012348Z/mistral-7b-instruct-v0.1-q4_k_m-prefill-rep3,2026/10/04 20:29:04.939,1607 MHz,4513 MHz,92,106.14 W,100 %,0x0000000000000020
20261005T012348Z/mistral-7b-instruct-v0.1-q4_k_m-prefill-rep3,2026/10/04 20:29:05.041,1607 MHz,4513 MHz,92,106.25 W,100 %,0x0000000000000020
20261005T012348Z/mistral-7b-instruct-v0.1-q4_k_m-prefill-rep3,2026/10/04 20:29:05.143,1607 MHz,4513 MHz,94,137.43 W,100 %,0x0000000000000020
20261005T012348Z/mistral-7b-instruct-v0.1-q4_k_m-prefill-rep3,2026/10/04 20:29:05.249,1506 MHz,4513 MHz,94,107.15 W,97 %,0x0000000000000020
20261005T012348Z/mistral-7b-instruct-v0.1-q4_k_m-prefill-rep3,2026/10/04 20:29:05.364,1569 MHz,4513 MHz,93,112.57 W,97 %,0x0000000000000000
20261005T012348Z/mistral-7b-instruct-v0.1-q4_k_m-prefill-rep3,2026/10/04 20:29:05.466,1607 MHz,4513 MHz,92,107.89 W,100 %,0x0000000000000000
20261005T012348Z/mistral-7b-instruct-v0.1-q4_k_m-prefill-rep3,2026/10/04 20:29:05.569,1607 MHz,4513 MHz,92,106.11 W,100 %,0x0000000000000000
20261005T012348Z/mistral-7b-instruct-v0.1-q4_k_m-prefill-rep3,2026/10/04 20:29:05.681,1607 MHz,4513 MHz,92,104.99 W,100 %,0x0000000000000000
20261005T012348Z/mistral-7b-instruct-v0.1-q4_k_m-prefill-rep3,2026/10/04 20:29:05.783,1493 MHz,4513 MHz,93,117.54 W,100 %,0x0000000000000020
20261005T012348Z/mistral-7b-instruct-v0.1-q4_k_m-prefill-rep3,2026/10/04 20:29:05.897,1607 MHz,4513 MHz,93,116.87 W,96 %,0x0000000000000020
20261005T012348Z/mistral-7b-instruct-v0.1-q4_k_m-prefill-rep3,2026/10/04 20:29:06.006,1607 MHz,4513 MHz,92,122.62 W,96 %,0x0000000000000020
20261005T012348Z/mistral-7b-instruct-v0.1-q4_k_m-prefill-rep3,2026/10/04 20:29:06.108,1607 MHz,4513 MHz,92,108.14 W,100 %,0x0000000000000020
20261005T012348Z/mistral-7b-instruct-v0.1-q4_k_m-prefill-rep3,2026/10/04 20:29:06.210,1607 MHz,4513 MHz,92,107.60 W,100 %,0x0000000000000020
20261005T012348Z/mistral-7b-instruct-v0.1-q4_k_m-prefill-rep3,2026/10/04 20:29:06.320,1607 MHz,4513 MHz,92,103.99 W,100 %,0x0000000000000020
20261005T012348Z/mistral-7b-instruct-v0.1-q4_k_m-prefill-rep3,2026/10/04 20:29:06.422,1531 MHz,4513 MHz,93,146.79 W,100 %,0x0000000000000020
20261005T012348Z/mistral-7b-instruct-v0.1-q4_k_m-prefill-rep3,2026/10/04 20:29:06.524,1607 MHz,4513 MHz,93,104.15 W,100 %,0x0000000000000000
20261005T012348Z/mistral-7b-instruct-v0.1-q4_k_m-prefill-rep3,2026/10/04 20:29:06.628,1657 MHz,4513 MHz,93,128.57 W,97 %,0x0000000000000020
20261005T012348Z/mistral-7b-instruct-v0.1-q4_k_m-prefill-rep3,2026/10/04 20:29:06.730,1607 MHz,4513 MHz,93,111.65 W,100 %,0x0000000000000020
20261005T012348Z/mistral-7b-instruct-v0.1-q4_k_m-prefill-rep3,2026/10/04 20:29:06.832,1607 MHz,4513 MHz,92,108.37 W,100 %,0x0000000000000000
20261005T012348Z/mistral-7b-instruct-v0.1-q4_k_m-prefill-rep3,2026/10/04 20:29:06.935,1607 MHz,4513 MHz,92,106.83 W,100 %,0x0000000000000020
20261005T012348Z/mistral-7b-instruct-v0.1-q4_k_m-prefill-rep3,2026/10/04 20:29:07.037,1607 MHz,4513 MHz,92,129.29 W,100 %,0x0000000000000020
20261005T012348Z/mistral-7b-instruct-v0.1-q4_k_m-prefill-rep3,2026/10/04 20:29:07.139,1493 MHz,4513 MHz,94,97.76 W,100 %,0x0000000000000000
20261005T012348Z/mistral-7b-instruct-v0.1-q4_k_m-prefill-rep3,2026/10/04 20:29:07.256,1607 MHz,4513 MHz,93,120.49 W,97 %,0x0000000000000020
20261005T012348Z/mistral-7b-instruct-v0.1-q4_k_m-prefill-rep3,2026/10/04 20:29:07.359,1607 MHz,4513 MHz,93,119.64 W,97 %,0x0000000000000020
20261005T012348Z/mistral-7b-instruct-v0.1-q4_k_m-prefill-rep3,2026/10/04 20:29:07.461,1607 MHz,4513 MHz,92,109.10 W,100 %,0x0000000000000020
20261005T012348Z/mistral-7b-instruct-v0.1-q4_k_m-prefill-rep3,2026/10/04 20:29:07.572,1607 MHz,4513 MHz,92,106.14 W,100 %,0x0000000000000020
20261005T012348Z/mistral-7b-instruct-v0.1-q4_k_m-prefill-rep3,2026/10/04 20:29:07.674,1607 MHz,4513 MHz,92,105.32 W,100 %,0x0000000000000020
20261005T012348Z/mistral-7b-instruct-v0.1-q4_k_m-prefill-rep3,2026/10/04 20:29:07.777,1607 MHz,4513 MHz,94,138.42 W,100 %,0x0000000000000020
20261005T012348Z/mistral-7b-instruct-v0.1-q4_k_m-prefill-rep3,2026/10/04 20:29:07.879,1607 MHz,4513 MHz,94,121.79 W,100 %,0x0000000000000020
20261005T012348Z/mistral-7b-instruct-v0.1-q4_k_m-prefill-rep3,2026/10/04 20:29:07.981,1544 MHz,4513 MHz,93,110.05 W,97 %,0x0000000000000000
20261005T012348Z/mistral-7b-instruct-v0.1-q4_k_m-prefill-rep3,2026/10/04 20:29:08.083,1607 MHz,4513 MHz,92,109.18 W,100 %,0x0000000000000000
20261005T012348Z/mistral-7b-instruct-v0.1-q4_k_m-prefill-rep3,2026/10/04 20:29:08.196,1607 MHz,4513 MHz,92,105.56 W,100 %,0x0000000000000000
20261005T012348Z/mistral-7b-instruct-v0.1-q4_k_m-prefill-rep3,2026/10/04 20:29:08.299,1607 MHz,4513 MHz,92,104.84 W,100 %,0x0000000000000000
20261005T012348Z/mistral-7b-instruct-v0.1-q4_k_m-prefill-rep3,2026/10/04 20:29:08.401,1455 MHz,4513 MHz,93,136.25 W,100 %,0x0000000000000020
20261005T012348Z/mistral-7b-instruct-v0.1-q4_k_m-prefill-rep3,2026/10/04 20:29:08.503,1531 MHz,4513 MHz,93,94.12 W,100 %,0x0000000000000000
20261005T012348Z/mistral-7b-instruct-v0.1-q4_k_m-prefill-rep3,2026/10/04 20:29:08.606,1607 MHz,4513 MHz,93,121.55 W,96 %,0x0000000000000020
20261005T012348Z/mistral-7b-instruct-v0.1-q4_k_m-prefill-rep3,2026/10/04 20:29:08.722,1607 MHz,4513 MHz,93,113.92 W,96 %,0x0000000000000020
20261005T012348Z/mistral-7b-instruct-v0.1-q4_k_m-prefill-rep3,2026/10/04 20:29:08.824,1607 MHz,4513 MHz,92,105.53 W,100 %,0x0000000000000020
20261005T012348Z/mistral-7b-instruct-v0.1-q4_k_m-prefill-rep3,2026/10/04 20:29:08.927,1607 MHz,4513 MHz,92,104.75 W,100 %,0x0000000000000020
20261005T012348Z/mistral-7b-instruct-v0.1-q4_k_m-prefill-rep3,2026/10/04 20:29:09.038,1582 MHz,4513 MHz,93,145.26 W,100 %,0x0000000000000020
